CustomerID,Age,Annual_Income,Membership_Years,Rating,Days_Since_Last_Purchase,Purchase_Amount,Customer_LTV,Category_Apparel,Category_Beauty,Category_Electronics,Category_Groceries,Category_Home,City_Faisalabad,City_Islamabad,City_Karachi,City_Lahore,Income_to_Purchase_Ratio,Purchase_per_Membership_Year,Recency_Score,Age_Group_18-25,Age_Group_26-35,Age_Group_36-50,Age_Group_51-65,Age_Group_65+
1001,22.0,92454.9,14.0,4.4,229.0,2310.05,8199.76,False,False,False,False,True,False,False,True,False,0.025,154.0,0.00435,True,False,False,False,False
1002,58.0,59444.62,7.0,4.2,38.0,1382.72,4871.57,False,False,True,False,False,False,True,False,False,0.0233,172.84,0.02564,False,False,False,True,False
1003,52.0,72996.0,9.0,4.1,126.0,1555.23,6393.82,False,True,False,False,False,False,False,True,False,0.0213,155.52,0.00787,False,False,False,True,False
1005,40.0,39560.34999999999,14.0,3.0,174.0,2040.76,6106.0,False,False,True,False,False,False,True,False,False,0.0516,136.05,0.00571,False,False,True,False,False
1006,62.0,58536.86,11.0,4.2,200.0,1875.6,6327.47,True,False,False,False,False,False,False,True,False,0.032,156.3,0.00498,False,False,False,True,False
1007,22.0,41413.07,1.0,4.1,286.0,644.1399999999999,958.96,True,False,False,False,False,False,False,True,False,0.0156,322.07,0.00348,True,False,False,False,False
1008,54.0,80716.72,1.0,3.2,172.0,1627.0,5219.92,False,False,False,False,True,False,False,False,True,0.0202,813.5,0.00578,False,False,False,True,False
1009,28.0,108940.52,6.0,4.7,60.0,2407.49,8410.78,False,False,False,False,True,False,False,False,True,0.0221,343.93,0.01639,False,True,False,False,False
1011,45.0,46575.81,10.0,3.2,21.0,1023.86,3895.48,True,False,False,False,False,False,False,True,False,0.022,93.08,0.04545,False,False,True,False,False
1012,68.0,70179.86,7.0,5.0,339.0,2087.81,7168.81,False,False,False,True,False,False,False,True,False,0.0297,260.98,0.00294,False,False,False,False,True
1013,56.0,100444.56,7.0,4.5,308.0,2120.98,6980.8,True,False,False,False,False,False,False,True,False,0.0211,265.12,0.00324,False,False,False,True,False
1014,57.0,38107.77,13.0,3.4,90.0,844.28,3531.2,False,True,False,False,False,False,False,False,True,0.0222,60.31,0.01099,False,False,False,True,False
1015,55.0,70478.79,5.0,4.0,105.0,1592.32,6029.13,True,False,False,False,False,False,True,False,False,0.0226,265.39,0.00943,False,False,False,True,False
1016,58.0,105068.57,7.0,3.8,11.0,2428.58,8826.56,True,False,False,False,False,False,False,False,True,0.0231,303.57,0.08333,False,False,False,True,False
1017,44.0,33477.647327087725,8.0,3.7,145.0,104.14000000000033,2506.08,False,False,False,True,False,False,True,False,False,0.0031,11.57,0.00685,False,False,True,False,False
1018,24.0,36816.48,7.0,2.9,15.0,1000.03,3431.56,False,False,False,True,False,False,False,True,False,0.0272,125.0,0.0625,True,False,False,False,False
1019,61.0,57547.06341670593,14.0,3.7,374.0,2020.8,8652.3,False,True,False,False,False,False,False,False,True,0.0351,134.72,0.00267,False,False,False,True,False
1020,41.0,53547.05,14.0,3.4,53.0,1811.43,6769.18,False,False,True,False,False,False,False,False,True,0.0338,120.76,0.01852,False,False,True,False,False
1021,44.0,82877.23,7.0,3.9,263.0,2829.46,9475.22,False,False,True,False,False,False,True,False,False,0.0341,353.68,0.00379,False,False,True,False,False
1022,37.0,70316.51,6.0,3.7,228.0,2146.77,6561.36,False,False,False,True,False,False,False,False,True,0.0305,306.68,0.00437,False,False,True,False,False
1023,27.0,25950.83,8.0,3.4,94.0,1418.59,4826.8,False,False,False,True,False,False,False,False,True,0.0547,157.62,0.01053,False,True,False,False,False
1024,66.0,76339.03,2.0,2.7,323.0,2726.81,5943.47,True,False,False,False,False,False,True,False,False,0.0357,908.94,0.00309,False,False,False,False,True
1025,58.0,52294.14,6.0,3.7,43.0,1589.15,5154.29,False,False,True,False,False,False,False,False,True,0.0304,227.02,0.02273,False,False,False,True,False
1026,51.0,93037.84,3.0000000000000004,3.4,354.0,2045.98,6568.2,False,False,False,True,False,False,False,False,True,0.022,511.5,0.00282,False,False,False,True,False
1027,38.0,51193.07,2.0,3.6,296.0,3150.0225,4217.29,False,False,False,True,False,False,False,False,True,0.0615,1050.01,0.00337,False,False,True,False,False
1028,60.0,50994.46,1.0,3.7,254.0,836.19,4155.37,True,False,False,False,False,False,True,False,False,0.0164,418.1,0.00392,False,False,False,True,False
1029,46.0,76904.9,8.0,5.0,351.0,1901.17,5792.0,True,False,False,False,False,False,False,False,True,0.0247,211.24,0.00284,False,False,True,False,False
1030,41.0,81784.38,-8.881784197001252e-16,1.7,161.0,1376.6,3808.48,True,False,False,False,False,False,False,False,True,0.0168,1376.6,0.00617,False,False,True,False,False
1031,41.0,74858.19,9.0,3.4,112.0,2016.36,6415.58,True,False,False,False,False,False,False,False,True,0.0269,201.64,0.00885,False,False,True,False,False
1032,29.0,32448.931890345913,6.0,3.7,61.0,537.5700000000002,2072.07,False,False,False,False,True,False,False,False,True,0.0166,76.8,0.01613,False,True,False,False,False
1033,22.0,76836.76,5.0,3.0,369.0,1461.96,5998.4,True,False,False,False,False,False,False,False,True,0.019,243.66,0.0027,True,False,False,False,False
1034,46.0,42245.22,11.0,4.5,160.0,1450.29,6880.6,False,False,False,True,False,False,False,False,True,0.0343,120.86,0.00621,False,False,True,False,False
1035,64.0,70176.07,8.0,4.4,331.0,1668.44,5512.23,True,False,False,False,False,False,False,False,True,0.0238,185.38,0.00301,False,False,False,True,False
1036,21.0,34956.480143140725,11.0,3.7,132.0,342.54999999999995,2264.75,False,False,True,False,False,False,False,True,False,0.0098,28.55,0.00752,True,False,False,False,False
1037,62.0,74819.09,10.0,3.5,381.0,1314.16,4607.89,False,False,False,True,False,False,True,False,False,0.0176,119.47,0.00262,False,False,False,True,False
1038,61.0,47254.82,-8.881784197001252e-16,3.6,348.0,486.19000000000005,2733.05,False,False,False,True,False,False,False,False,True,0.0103,486.19,0.00287,False,False,False,True,False
1039,32.0,36782.03999999999,3.0000000000000004,3.6,123.0,502.45000000000005,2970.75,False,False,False,False,True,False,False,False,True,0.0137,125.61,0.00806,False,True,False,False,False
1040,50.0,80704.04,8.0,3.6,194.0,2099.85,7171.88,True,False,False,False,False,True,False,False,False,0.026,233.32,0.00513,False,False,True,False,False
1041,26.0,70316.18,14.0,3.5,317.0,2053.9,6821.03,False,False,True,False,False,False,True,False,False,0.0292,136.93,0.00314,False,True,False,False,False
1042,57.0,51492.51,2.0,3.9,90.0,1535.96,3609.5,True,False,False,False,False,False,False,True,False,0.0298,511.99,0.01099,False,False,False,True,False
1043,54.0,96925.93,1.0,4.4,9.0,2279.64,6954.86,False,False,True,False,False,False,False,False,True,0.0235,1139.82,0.1,False,False,False,True,False
1044,36.0,55305.65,14.0,2.6,115.0,2094.87,8329.7,False,False,False,True,False,False,False,True,False,0.0379,139.66,0.00862,False,False,True,False,False
1045,21.0,65706.37,14.0,2.8,236.0,2117.49,6397.87,False,False,False,False,True,False,False,False,True,0.0322,141.17,0.00422,True,False,False,False,False
1046,68.0,70916.1,2.0,2.1,54.0,1582.19,4707.59,True,False,False,False,False,False,False,False,True,0.0223,527.4,0.01818,False,False,False,False,True
1047,41.0,51367.35,6.0,4.5,133.0,1707.09,6976.04,True,False,False,False,False,False,False,False,True,0.0332,243.87,0.00746,False,False,True,False,False
1048,64.0,74999.5489844776,9.0,3.9,367.0,2235.07,7517.32,False,False,False,True,False,False,False,True,False,0.0298,223.51,0.00272,False,False,False,True,False
1049,53.0,53264.05,2.0,4.2,30.0,1295.72,5263.65,False,False,False,True,False,False,False,False,True,0.0243,431.91,0.03226,False,False,False,True,False
1050,58.0,57251.62366966762,4.0,2.4,20.0,1787.31,6146.95,False,False,False,True,False,False,False,True,False,0.0312,357.46,0.04762,False,False,False,True,False
1051,57.0,94978.14,5.0,5.0,169.0,1161.25,3735.48,True,False,False,False,False,False,False,False,True,0.0122,193.54,0.00588,False,False,False,True,False
1052,28.0,43694.05753037054,9.0,3.2,5.0,1085.96,4251.83,False,False,False,True,False,False,False,False,True,0.0249,108.6,0.16667,False,True,False,False,False
1053,36.0,15000.0,4.0,3.9,11.0,337.68000000000006,1491.24,False,False,False,True,False,False,True,False,False,0.0225,67.54,0.08333,False,False,True,False,False
1054,42.0,100440.61,6.0,4.5,73.0,2709.89,7917.12,False,False,True,False,False,False,True,False,False,0.027,387.13,0.01351,False,False,True,False,False
1055,43.0,120891.97625,4.0,2.8,40.0,3150.0225,9060.61,False,False,True,False,False,False,False,False,True,0.0261,630.0,0.02439,False,False,True,False,False
1056,20.0,56084.08,11.0,3.2,324.0,981.61,5870.28,False,False,True,False,False,False,False,True,False,0.0175,81.8,0.00308,True,False,False,False,False
1057,46.0,22389.559999999998,2.0,3.9,49.0,1092.26,2472.66,False,False,False,True,False,False,False,False,True,0.0488,364.09,0.02,False,False,True,False,False
1058,26.0,55038.80390925796,3.0000000000000004,5.0,209.0,814.8100000000001,3931.47,False,True,False,False,False,False,False,False,True,0.0148,203.7,0.00476,False,True,False,False,False
1059,56.0,60802.653987230784,3.0000000000000004,4.0,282.0,837.58,2781.79,False,False,False,True,False,False,True,False,False,0.0138,209.4,0.00353,False,False,False,True,False
1060,53.0,60821.68,13.0,3.7,250.0,1642.72,6644.51,False,False,True,False,False,False,False,False,True,0.027,117.34,0.00398,False,False,False,True,False
1061,65.0,36421.40944228742,14.0,3.7,261.0,1242.83,6061.61,False,False,True,False,False,False,False,True,False,0.0341,82.86,0.00382,False,False,False,True,False
1062,56.0,77750.35,7.0,4.0,143.0,1211.64,4377.76,False,False,False,True,False,False,False,True,False,0.0156,151.46,0.00694,False,False,False,True,False
1063,37.0,76539.16,2.0,3.7,355.0,1870.73,6196.54,False,False,False,True,False,False,False,False,True,0.0244,623.58,0.00281,False,False,True,False,False
1064,68.0,37399.84885692351,11.0,3.7,27.0,1354.22,3719.64,False,False,False,True,False,False,False,False,True,0.0362,112.85,0.03571,False,False,False,False,True
1065,39.0,80382.33,7.0,2.4,42.0,2309.26,7978.74,False,False,False,False,True,False,False,False,True,0.0287,288.66,0.02326,False,False,True,False,False
1066,34.0,110159.07,12.0,5.0,342.0,2509.8,7201.27,False,False,False,False,True,True,False,False,False,0.0228,193.06,0.00292,False,True,False,False,False
1067,65.0,68783.13,5.0,3.9,27.0,1559.83,5155.93,False,False,True,False,False,False,False,True,False,0.0227,259.97,0.03571,False,False,False,True,False
1068,37.0,57578.85,14.0,1.3,76.0,1699.41,7607.71,True,False,False,False,False,False,False,False,True,0.0295,113.29,0.01299,False,False,True,False,False
1070,42.0,76392.13225764109,3.0000000000000004,4.3,13.0,557.02,1589.18,False,False,False,True,False,False,False,True,False,0.0073,139.26,0.07143,False,False,True,False,False
1071,59.0,26925.22,10.0,3.5,46.0,555.73,2222.85,False,False,True,False,False,False,False,False,True,0.0206,50.52,0.02128,False,False,False,True,False
1072,27.0,68616.6,4.0,4.3,229.0,1534.55,4571.6,False,True,False,False,False,False,False,True,False,0.0224,306.91,0.00435,False,True,False,False,False
1073,42.0,60029.044749837114,5.0,2.9,264.0,893.97,3698.0,False,False,False,False,True,False,True,False,False,0.0149,149.0,0.00377,False,False,True,False,False
1074,24.0,105652.15,3.0000000000000004,2.5,33.0,2129.71,5205.25,False,False,False,True,False,False,False,True,False,0.0202,532.43,0.02941,True,False,False,False,False
1075,53.0,61989.37386687387,10.0,3.7,376.0,1572.93,6033.43,True,False,False,False,False,False,False,False,True,0.0254,142.99,0.00265,False,False,False,True,False
1076,42.0,101693.53,3.0000000000000004,3.7,38.0,1890.8,6443.08,False,False,True,False,False,False,False,False,True,0.0186,472.7,0.02564,False,False,True,False,False
1077,35.0,40717.7,9.0,3.4,274.0,1200.14,4531.1,False,False,False,False,True,False,False,False,True,0.0295,120.01,0.00364,False,True,False,False,False
1078,29.0,77919.7,8.0,4.8,320.0,2129.65,7723.58,False,False,False,True,False,False,False,True,False,0.0273,236.63,0.00312,False,True,False,False,False
1079,47.0,72651.51275380644,11.0,2.9,208.0,1786.03,7014.32,False,False,True,False,False,False,True,False,False,0.0246,148.84,0.00478,False,False,True,False,False
1080,96.0,45880.96,14.0,4.0,196.0,1296.34,5366.34,True,False,False,False,False,False,False,False,True,0.0283,86.42,0.00508,False,False,False,False,True
1081,66.0,68902.71,-8.881784197001252e-16,3.8,43.0,1311.75,2419.45,False,True,False,False,False,False,False,True,False,0.019,1311.75,0.02273,False,False,False,False,True
1082,40.0,91675.41,14.0,2.3,96.0,2390.53,9099.81,False,False,False,False,True,False,False,True,False,0.0261,159.37,0.01031,False,False,True,False,False
1083,26.0,55733.49936929426,1.0,2.5,340.0,501.4000000000001,1219.81,False,False,False,True,False,False,False,False,True,0.009,250.7,0.00293,False,True,False,False,False
1084,61.0,27776.82,7.0,3.7,139.0,1020.16,3415.49,False,False,True,False,False,False,False,False,True,0.0367,127.52,0.00714,False,False,False,True,False
1085,50.0,64613.62,5.0,5.0,13.0,1311.87,5059.11,False,True,False,False,False,False,False,False,True,0.0203,218.64,0.07143,False,False,True,False,False
1086,54.0,52976.90179932116,9.0,4.2,291.0,1767.55,7354.21,False,True,False,False,False,False,False,True,False,0.0334,176.76,0.00342,False,False,False,True,False
1087,23.0,57468.5,10.0,2.1,273.0,1785.79,6508.71,False,False,False,True,False,False,False,True,False,0.0311,162.34,0.00365,True,False,False,False,False
1088,34.0,63205.07,12.0,1.0,26.0,2212.13,8405.63,True,False,False,False,False,False,True,False,False,0.035,170.16,0.03704,False,True,False,False,False
1089,57.0,23531.72429822258,6.0,4.4,20.0,385.1100000000001,981.95,False,False,False,True,False,False,True,False,False,0.0164,55.02,0.04762,False,False,False,True,False
1090,61.0,29455.520000000004,13.0,3.6,46.0,960.56,4842.37,False,False,False,True,False,False,True,False,False,0.0326,68.61,0.02128,False,False,False,True,False
1091,40.0,75605.47,4.0,4.7,20.0,1175.13,4245.95,False,False,True,False,False,True,False,False,False,0.0155,235.03,0.04762,False,False,True,False,False
1092,59.0,53500.19,3.0000000000000004,2.9,246.0,907.9300000000001,4238.21,False,False,True,False,False,False,True,False,False,0.017,226.98,0.00405,False,False,False,True,False
1093,61.0,17262.84134617114,5.0,4.0,53.0,1000.84,2969.73,False,False,False,True,False,False,True,False,False,0.058,166.81,0.01852,False,False,False,True,False
1094,38.0,82266.57,7.0,4.5,242.0,2520.33,7980.18,False,False,False,True,False,False,True,False,False,0.0306,315.04,0.00412,False,False,True,False,False
1095,64.0,70173.46566169552,10.0,3.3,70.0,1360.59,6458.45,False,False,True,False,False,False,True,False,False,0.0194,123.69,0.01408,False,False,False,True,False
1096,32.0,49294.75,12.0,3.3,388.0,1282.58,5425.77,False,False,True,False,False,False,True,False,False,0.026,98.66,0.00257,False,True,False,False,False
1097,30.0,36029.74,3.0000000000000004,3.7,290.0,3150.0225,1948.52,False,False,False,True,False,True,False,False,False,0.0874,787.51,0.00344,False,True,False,False,False
1098,53.0,83387.77,4.0,4.2,149.0,2062.0,8630.18,False,False,True,False,False,False,False,True,False,0.0247,412.4,0.00667,False,False,False,True,False
1099,51.0,73717.2514010242,14.0,3.7,171.0,1309.79,5238.46,False,False,True,False,False,False,False,True,False,0.0178,87.32,0.00581,False,False,False,True,False
1100,25.0,117417.25,6.0,3.7,26.0,1947.14,6890.26,True,False,False,False,False,False,False,True,False,0.0166,278.16,0.03704,True,False,False,False,False
1101,61.0,74244.15,3.0000000000000004,3.3,21.0,1800.73,5971.62,False,False,False,True,False,False,True,False,False,0.0243,450.18,0.04545,False,False,False,True,False
1102,28.0,73529.47,14.0,2.5,215.0,1250.97,6176.81,True,False,False,False,False,False,False,True,False,0.017,83.4,0.00463,False,True,False,False,False
1103,59.0,61327.59,6.0,5.0,9.0,1287.83,4581.06,False,True,False,False,False,False,True,False,False,0.021,183.98,0.1,False,False,False,True,False
1104,18.0,82969.07,14.0,3.2,255.0,2284.22,8492.43,False,False,True,False,False,False,True,False,False,0.0275,152.28,0.00391,True,False,False,False,False
1105,59.0,78751.87,13.0,3.2,152.0,2261.3,8202.82,False,True,False,False,False,True,False,False,False,0.0287,161.52,0.00654,False,False,False,True,False
1106,58.0,92125.33105626506,13.0,3.6,55.0,2314.07,7767.81,False,True,False,False,False,False,False,False,True,0.0251,165.29,0.01786,False,False,False,True,False
1107,58.0,58191.86281487557,8.0,3.8,214.0,1244.32,6566.28,False,False,False,False,True,False,True,False,False,0.0214,138.26,0.00465,False,False,False,True,False
1108,52.0,55421.04,11.0,3.4,221.0,1886.25,6743.84,True,False,False,False,False,False,True,False,False,0.034,157.19,0.0045,False,False,False,True,False
1109,42.0,54459.73,14.0,3.7,298.0,1763.28,7530.34,True,False,False,False,False,True,False,False,False,0.0324,117.55,0.00334,False,False,True,False,False
1110,54.0,82397.64,4.0,3.7,79.0,1549.15,5029.13,True,False,False,False,False,True,False,False,False,0.0188,309.83,0.0125,False,False,False,True,False
1111,32.0,97964.24,-8.881784197001252e-16,3.9,218.0,1974.37,5631.76,True,False,False,False,False,False,False,True,False,0.0202,1974.37,0.00457,False,True,False,False,False
1112,58.0,54905.51,4.0,3.7,337.0,1411.38,4313.15,False,False,True,False,False,False,False,True,False,0.0257,282.28,0.00296,False,False,False,True,False
1113,46.0,55654.98,9.0,5.0,107.0,2160.39,6067.65,False,True,False,False,False,False,False,False,True,0.0388,216.04,0.00926,False,False,True,False,False
1114,41.0,71909.7,8.0,3.6,334.0,2072.72,6972.4,False,False,False,True,False,True,False,False,False,0.0288,230.3,0.00299,False,False,True,False,False
1115,44.0,59593.25,1.0,4.2,289.0,1717.69,4714.55,False,False,False,False,True,False,False,False,True,0.0288,858.84,0.00345,False,False,True,False,False
1116,47.0,85945.18,8.0,2.5,171.0,1794.66,7483.32,False,False,False,True,False,False,True,False,False,0.0209,199.41,0.00581,False,False,True,False,False
1117,19.0,15460.899999999994,2.0,3.3,353.0,179.53999999999996,58.532500000000255,False,False,True,False,False,False,True,False,False,0.0116,59.85,0.00282,True,False,False,False,False
1118,25.0,46812.49,7.0,3.1,386.0,1122.1,3861.66,False,False,False,True,False,False,False,True,False,0.024,140.26,0.00258,True,False,False,False,False
1119,30.0,47786.84,8.0,5.0,94.0,1218.31,4004.89,False,False,False,True,False,False,False,False,True,0.0255,135.37,0.01053,False,True,False,False,False
1120,23.0,15000.0,9.0,3.2,391.0,256.78999999999996,3296.0,False,False,False,True,False,False,False,False,True,0.0171,25.68,0.00255,True,False,False,False,False
1121,40.0,43799.95,6.0,4.4,0.0,1622.37,4698.4,False,False,False,True,False,False,True,False,False,0.037,231.77,1.0,False,False,True,False,False
1122,52.0,44866.57,6.0,3.7,51.0,1490.67,5525.18,False,False,True,False,False,False,False,True,False,0.0332,212.95,0.01923,False,False,False,True,False
1123,52.0,60575.7,10.0,3.7,17.0,1489.24,6604.99,False,False,False,True,False,False,False,False,True,0.0246,135.39,0.05556,False,False,False,True,False
1124,42.0,89485.25,11.0,3.5,147.0,2486.39,8643.93,False,False,False,True,False,False,True,False,False,0.0278,207.2,0.00676,False,False,True,False,False
1125,62.0,59608.67,12.0,4.9,374.0,1761.33,5697.96,False,True,False,False,False,False,False,False,True,0.0295,135.49,0.00267,False,False,False,True,False
1126,47.0,42322.1,5.0,2.0,240.0,1334.37,3417.82,False,False,True,False,False,False,True,False,False,0.0315,222.4,0.00415,False,False,True,False,False
1127,22.0,63747.0,6.0,2.5,246.0,977.22,4668.33,False,False,False,True,False,False,False,False,True,0.0153,139.6,0.00405,True,False,False,False,False
1128,57.0,88081.82,4.0,1.9,33.0,1863.37,5130.77,False,False,False,True,False,False,False,False,True,0.0212,372.67,0.02941,False,False,False,True,False
1129,47.0,44123.21166636198,7.0,2.7,206.0,1127.36,4617.31,False,False,False,True,False,False,False,False,True,0.0256,140.92,0.00483,False,False,True,False,False
1130,51.0,37847.78128963449,1.0,3.0,153.0,1188.8,3663.15,False,False,False,True,False,False,False,True,False,0.0314,594.4,0.00649,False,False,False,True,False
1131,47.0,77288.08,6.0,2.2,191.0,1534.39,5810.56,True,False,False,False,False,False,False,True,False,0.0199,219.2,0.00521,False,False,True,False,False
1132,46.0,60126.21,2.0,3.0,104.0,282.54999999999995,1984.9,False,True,False,False,False,False,True,False,False,0.0047,94.18,0.00952,False,False,True,False,False
1133,22.0,72398.5140752185,7.0,1.9,80.0,1432.21,4676.03,False,False,False,True,False,False,False,True,False,0.0198,179.03,0.01235,True,False,False,False,False
1134,47.0,64699.77,12.0,2.8,380.0,1749.58,6040.53,True,False,False,False,False,False,False,False,True,0.027,134.58,0.00262,False,False,True,False,False
1135,59.0,80436.6,14.0,3.7,223.0,2194.29,8962.03,False,False,True,False,False,False,False,False,True,0.0273,146.29,0.00446,False,False,False,True,False
1136,33.0,42228.28,6.0,4.1,164.0,1758.06,5213.96,False,False,False,True,False,False,False,False,True,0.0416,251.15,0.00606,False,True,False,False,False
1137,49.0,64734.14,-8.881784197001252e-16,3.9,29.0,1527.78,2266.67,False,False,False,True,False,True,False,False,False,0.0236,1527.78,0.03333,False,False,True,False,False
1138,19.0,60364.82,3.0000000000000004,2.8,305.0,1359.91,4972.43,False,False,True,False,False,False,False,False,True,0.0225,339.98,0.00327,True,False,False,False,False
1139,36.0,38250.4,1.0,2.3,189.0,792.05,1683.62,False,False,False,True,False,True,False,False,False,0.0207,396.02,0.00526,False,False,True,False,False
1140,40.0,30603.490000000005,11.0,2.7,154.0,1493.74,6064.09,True,False,False,False,False,False,False,False,True,0.0488,124.48,0.00645,False,False,True,False,False
1141,69.0,79080.92674858503,14.0,3.7,266.0,1925.69,8829.35,True,False,False,False,False,False,False,False,True,0.0244,128.38,0.00375,False,False,False,False,True
1142,29.0,57279.05,8.0,4.5,52.0,1409.47,5309.88,False,False,False,True,False,False,False,False,True,0.0246,156.61,0.01887,False,True,False,False,False
1143,32.0,42509.83,2.0,4.5,213.0,494.49,2757.94,True,False,False,False,False,False,False,False,True,0.0116,164.83,0.00467,False,True,False,False,False
1144,39.0,62884.06,-8.881784197001252e-16,4.3,345.0,1825.24,5314.98,False,False,False,True,False,False,True,False,False,0.029,1825.24,0.00289,False,False,True,False,False
1145,69.0,89816.41,14.0,3.0,185.0,2513.33,10551.43,False,False,True,False,False,False,False,True,False,0.028,167.56,0.00538,False,False,False,False,True
1146,62.0,15000.0,4.0,3.7,0.0,176.99,342.79,False,False,False,True,False,False,False,False,True,0.0118,35.4,1.0,False,False,False,True,False
1147,19.0,32073.95,1.0,3.4,91.0,635.7,2053.42,True,False,False,False,False,False,False,True,False,0.0198,317.85,0.01087,True,False,False,False,False
1148,30.0,46692.458291304356,2.0,3.5,22.0,1177.79,4229.97,False,True,False,False,False,False,False,True,False,0.0252,392.6,0.04348,False,True,False,False,False
1149,60.0,97145.94,3.0000000000000004,5.0,200.0,1962.63,6175.7,False,False,True,False,False,True,False,False,False,0.0202,490.66,0.00498,False,False,False,True,False
1150,21.0,71216.91,9.0,2.1,145.0,1570.55,6910.32,True,False,False,False,False,True,False,False,False,0.0221,157.06,0.00685,True,False,False,False,False
1151,62.0,81882.54496143872,13.0,3.7,52.0,1895.91,7162.95,False,False,False,False,True,False,False,True,False,0.0232,135.42,0.01887,False,False,False,True,False
1152,32.0,45230.691786433206,4.0,4.8,274.0,1093.91,5389.44,False,False,False,False,True,False,True,False,False,0.0242,218.78,0.00364,False,True,False,False,False
1153,65.0,46499.178427038154,10.0,3.7,70.0,1064.18,6261.91,False,False,False,True,False,False,True,False,False,0.0229,96.74,0.01408,False,False,False,True,False
1154,33.0,77744.04411572311,-8.881784197001252e-16,3.1,136.0,1315.53,4263.0,True,False,False,False,False,False,False,True,False,0.0169,1315.53,0.0073,False,True,False,False,False
1155,40.0,72046.52068727584,-8.881784197001252e-16,3.2,395.0,791.22,3082.95,True,False,False,False,False,False,True,False,False,0.011,791.22,0.00253,False,False,True,False,False
1156,52.0,77072.25,-8.881784197001252e-16,3.5,26.0,1572.5,5655.31,False,False,False,False,True,False,False,False,True,0.0204,1572.5,0.03704,False,False,False,True,False
1157,24.0,64314.60932048606,13.0,2.3,99.0,1664.94,5771.3,False,False,True,False,False,False,True,False,False,0.0259,118.92,0.01,True,False,False,False,False
1159,44.0,68478.62,12.0,4.3,203.0,1929.08,8312.62,False,False,True,False,False,False,False,False,True,0.0282,148.39,0.0049,False,False,True,False,False
1160,58.0,79006.92951645209,-8.881784197001252e-16,4.2,97.0,1941.42,5893.85,False,False,False,False,True,False,True,False,False,0.0246,1941.42,0.0102,False,False,False,True,False
1161,69.0,84152.44575540071,-8.881784197001252e-16,2.9,388.0,1935.71,5485.61,False,False,True,False,False,True,False,False,False,0.023,1935.71,0.00257,False,False,False,False,True
1162,52.0,31555.083438614172,12.0,3.7,2.0,1288.35,5323.4,False,False,True,False,False,False,False,False,True,0.0408,99.1,0.33333,False,False,False,True,False
1163,96.0,15560.089999999997,1.0,2.9,379.0,254.93000000000006,58.532500000000255,False,False,True,False,False,False,False,True,False,0.0164,127.47,0.00263,False,False,False,False,True
1164,39.0,84866.25513206555,2.0,3.4,213.0,1593.97,5002.86,False,False,False,True,False,True,False,False,False,0.0188,531.32,0.00467,False,False,True,False,False
1165,39.0,89212.62627289054,7.0,5.0,15.0,1685.03,5571.44,False,False,False,True,False,True,False,False,False,0.0189,210.63,0.0625,False,False,True,False,False
1166,60.0,42546.29,9.0,3.8,46.0,973.66,4944.07,False,False,True,False,False,False,False,False,True,0.0229,97.37,0.02128,False,False,False,True,False
1167,34.0,21579.819351699734,3.0000000000000004,2.6,41.0,609.53,3010.69,False,False,False,True,False,False,False,False,True,0.0282,152.38,0.02381,False,True,False,False,False
1168,26.0,67178.77,6.0,3.9,114.0,1269.06,5205.78,False,False,False,True,False,False,False,True,False,0.0189,181.29,0.0087,False,True,False,False,False
1169,35.0,85478.44,10.0,2.5,133.0,2147.99,8041.13,False,False,False,False,True,False,False,False,True,0.0251,195.27,0.00746,False,True,False,False,False
1170,19.0,104547.08,6.0,2.6,256.0,1944.76,5609.49,False,False,False,False,True,False,False,False,True,0.0186,277.82,0.00389,True,False,False,False,False
1171,23.0,76358.55,5.0,2.8,124.0,1062.77,4643.02,True,False,False,False,False,False,False,False,True,0.0139,177.13,0.008,True,False,False,False,False
1172,22.0,56822.23,1.0,3.3,290.0,1504.21,4982.27,False,False,True,False,False,False,False,False,True,0.0265,752.1,0.00344,True,False,False,False,False
1173,58.0,45351.13,6.0,4.5,117.0,957.26,4742.82,False,False,False,True,False,False,False,True,False,0.0211,136.75,0.00847,False,False,False,True,False
1174,55.0,65251.93,12.0,4.2,105.0,1450.23,7772.66,False,True,False,False,False,False,False,True,False,0.0222,111.56,0.00943,False,False,False,True,False
1175,54.0,58416.18,9.0,4.2,110.0,1090.78,3307.06,False,False,True,False,False,False,False,True,False,0.0187,109.08,0.00901,False,False,False,True,False
1176,42.0,42668.51,13.0,2.7,131.0,1542.58,5922.35,False,False,False,True,False,False,True,False,False,0.0362,110.18,0.00758,False,False,True,False,False
1177,55.0,110072.62,1.0,3.7,335.0,2791.42,7635.46,False,True,False,False,False,False,False,True,False,0.0254,1395.71,0.00298,False,False,False,True,False
1178,26.0,104273.7,-8.881784197001252e-16,3.9,98.0,1924.24,5991.34,False,True,False,False,False,False,False,False,True,0.0185,1924.24,0.0101,False,True,False,False,False
1179,64.0,89993.07,8.0,3.1,109.0,2033.64,7194.75,False,False,False,True,False,False,False,False,True,0.0226,225.96,0.00909,False,False,False,True,False
1180,44.0,44741.29,2.0,3.4,382.0,1403.48,4068.85,True,False,False,False,False,False,False,False,True,0.0314,467.83,0.00261,False,False,True,False,False
1181,66.0,83810.43,8.0,4.1,261.0,1272.03,6040.26,False,False,False,True,False,False,False,False,True,0.0152,141.34,0.00382,False,False,False,False,True
1182,25.0,82606.34712122509,13.0,3.4,76.0,2888.18,9080.04,False,False,False,False,True,False,False,False,True,0.035,206.3,0.01299,True,False,False,False,False
1183,43.0,74736.0,5.0,3.9,347.0,2672.36,7345.36,False,False,True,False,False,False,False,False,True,0.0358,445.39,0.00287,False,False,True,False,False
1184,54.0,92492.64,8.0,5.0,73.0,1087.32,4023.85,False,False,True,False,False,False,False,False,True,0.0118,120.81,0.01351,False,False,False,True,False
1185,43.0,78978.17,10.0,3.5,64.0,1940.56,6852.92,True,False,False,False,False,False,False,True,False,0.0246,176.41,0.01538,False,False,True,False,False
1186,41.0,81280.31,2.0,4.8,178.0,1418.03,3675.01,False,False,True,False,False,False,False,True,False,0.0174,472.68,0.00559,False,False,True,False,False
1187,26.0,79479.35957572215,13.0,4.2,276.0,1994.33,7687.09,True,False,False,False,False,True,False,False,False,0.0251,142.45,0.00361,False,True,False,False,False
1188,37.0,72497.41,3.0000000000000004,2.4,75.0,1402.59,4549.06,False,False,False,True,False,False,True,False,False,0.0193,350.65,0.01316,False,False,True,False,False
1189,30.0,25760.559999999998,12.0,2.7,301.0,1319.91,4728.17,False,False,False,False,True,False,False,True,False,0.0512,101.53,0.00331,False,True,False,False,False
1190,33.0,66839.66,9.0,2.9,62.0,1651.77,6846.83,False,False,False,False,True,False,False,False,True,0.0247,165.18,0.01587,False,True,False,False,False
1191,53.0,52763.78,2.0,2.9,312.0,770.91,2707.31,False,False,False,True,False,False,False,True,False,0.0146,256.97,0.00319,False,False,False,True,False
1192,50.0,36843.5,10.0,3.7,38.0,1068.0,5388.55,False,False,False,False,True,False,False,False,True,0.029,97.09,0.02564,False,False,True,False,False
1193,49.0,96978.08086542734,2.0,4.3,185.0,2325.91,6978.73,False,False,False,True,False,False,False,True,False,0.024,775.3,0.00538,False,False,True,False,False
1194,36.0,103037.9,8.0,4.8,256.0,1907.27,6979.2,False,False,False,True,False,False,False,False,True,0.0185,211.92,0.00389,False,False,True,False,False
1195,67.0,94902.85,14.0,4.0,106.0,1799.56,7097.7,False,False,True,False,False,False,False,True,False,0.019,119.97,0.00935,False,False,False,False,True
1196,22.0,70614.7,14.0,3.3,244.0,2769.39,9723.98,False,False,False,False,True,False,False,False,True,0.0392,184.63,0.00408,True,False,False,False,False
1197,35.0,94713.75,13.0,1.8,275.0,2157.3,8860.17,False,False,False,False,True,False,False,True,False,0.0228,154.09,0.00362,False,True,False,False,False
1198,24.0,65265.17,7.0,3.8,260.0,1530.36,5199.48,False,True,False,False,False,False,True,False,False,0.0234,191.3,0.00383,True,False,False,False,False
1199,35.0,69294.42835610322,8.0,3.7,158.0,1550.11,6184.62,False,False,False,False,True,False,True,False,False,0.0224,172.23,0.00629,False,True,False,False,False
1200,68.0,40943.63,4.0,3.9,309.0,1198.11,3354.51,False,True,False,False,False,False,False,True,False,0.0293,239.62,0.00323,False,False,False,False,True
1201,37.0,70801.71333738894,13.0,5.0,292.0,2703.79,10054.05,False,False,True,False,False,False,False,True,False,0.0382,193.13,0.00341,False,False,True,False,False
1202,65.0,66328.49,7.0,4.8,130.0,1838.54,5845.71,False,True,False,False,False,False,False,False,True,0.0277,229.82,0.00763,False,False,False,True,False
1203,43.0,36341.65,11.0,4.4,293.0,559.49,4093.49,False,False,False,True,False,False,True,False,False,0.0154,46.62,0.0034,False,False,True,False,False
1204,54.0,63873.66,5.0,2.8,367.0,923.8199999999999,3747.07,False,False,False,True,False,False,False,True,False,0.0145,153.97,0.00272,False,False,False,True,False
1205,41.0,67338.07229107092,11.0,3.7,326.0,1545.33,7362.55,False,False,False,True,False,False,False,False,True,0.0229,128.78,0.00306,False,False,True,False,False
1206,31.0,101787.529650263,3.0000000000000004,3.6,293.0,2103.63,5831.28,False,False,False,True,False,False,False,False,True,0.0207,525.91,0.0034,False,True,False,False,False
1207,57.0,83985.32415328981,11.0,3.0,306.0,1444.67,4927.46,False,False,False,True,False,True,False,False,False,0.0172,120.39,0.00326,False,False,False,True,False
1208,68.0,65251.8,-8.881784197001252e-16,4.2,321.0,1632.77,4241.47,False,False,True,False,False,False,False,True,False,0.025,1632.77,0.00311,False,False,False,False,True
1210,58.0,63740.31816641846,5.0,2.7,288.0,2116.77,5595.46,False,False,False,True,False,False,False,True,False,0.0332,352.8,0.00346,False,False,False,True,False
1211,31.0,63894.668861972816,7.0,4.8,79.0,2218.97,7700.02,False,False,False,False,True,False,False,True,False,0.0347,277.37,0.0125,False,True,False,False,False
1212,55.0,41186.600000000006,10.0,3.8,143.0,1124.43,4719.6,True,False,False,False,False,False,False,True,False,0.0273,102.22,0.00694,False,False,False,True,False
1213,59.0,61676.86,5.0,2.1,373.0,1609.13,5005.85,False,False,False,True,False,False,False,False,True,0.0261,268.19,0.00267,False,False,False,True,False
1214,41.0,51525.96118400662,-8.881784197001252e-16,3.7,113.0,478.94000000000005,1373.64,False,False,False,True,False,False,False,True,False,0.0093,478.94,0.00877,False,False,True,False,False
1215,56.0,37493.06,4.0,4.0,337.0,1159.33,3395.47,False,False,False,True,False,False,False,True,False,0.0309,231.87,0.00296,False,False,False,True,False
1216,32.0,76246.88,6.0,4.6,169.0,1565.66,6896.91,False,False,True,False,False,False,False,False,True,0.0205,223.67,0.00588,False,True,False,False,False
1217,22.0,66576.38516993234,8.0,3.4,83.0,1357.26,4740.82,False,False,False,False,True,False,True,False,False,0.0204,150.81,0.0119,True,False,False,False,False
1218,23.0,25692.43,9.0,4.4,38.0,758.1099999999999,2444.49,False,False,True,False,False,False,False,False,True,0.0295,75.81,0.02564,True,False,False,False,False
1219,41.0,61396.00849092106,3.0000000000000004,3.7,219.0,1179.72,4659.15,True,False,False,False,False,False,False,True,False,0.0192,294.93,0.00455,False,False,True,False,False
1220,64.0,86905.43,9.0,2.5,180.0,1968.04,6966.55,False,False,False,False,True,False,False,True,False,0.0226,196.8,0.00552,False,False,False,True,False
1221,24.0,88329.99117739171,9.0,2.4,204.0,2505.93,10128.87,True,False,False,False,False,False,False,True,False,0.0284,250.59,0.00488,True,False,False,False,False
1222,41.0,87568.41,11.0,4.7,17.0,1877.25,6797.84,False,False,False,False,True,False,False,True,False,0.0214,156.44,0.05556,False,False,True,False,False
1223,54.0,65856.09,7.0,4.8,107.0,2291.13,8113.17,False,False,False,True,False,True,False,False,False,0.0348,286.39,0.00926,False,False,False,True,False
1225,55.0,41158.62999999999,3.0000000000000004,3.7,120.0,1589.34,4417.87,True,False,False,False,False,False,True,False,False,0.0386,397.34,0.00826,False,False,False,True,False
1226,33.0,72581.31,10.0,4.7,372.0,1445.02,5244.03,False,False,False,True,False,False,True,False,False,0.0199,131.37,0.00268,False,True,False,False,False
1228,48.0,93321.28,1.0,2.9,275.0,1710.35,5819.0,False,False,False,False,True,False,False,False,True,0.0183,855.18,0.00362,False,False,True,False,False
1229,46.0,89199.55,12.0,5.0,2.0,2126.5,6879.76,False,True,False,False,False,False,False,True,False,0.0238,163.58,0.33333,False,False,True,False,False
1231,42.0,37627.47,9.0,3.4,368.0,1712.48,3978.33,False,False,False,False,True,False,False,False,True,0.0455,171.25,0.00271,False,False,True,False,False
1232,62.0,62367.740920373355,9.0,3.1,136.0,1995.8,7395.61,True,False,False,False,False,False,False,False,True,0.032,199.58,0.0073,False,False,False,True,False
1233,19.0,69779.09,10.0,3.9,78.0,1633.64,6072.43,False,False,False,True,False,False,False,True,False,0.0234,148.51,0.01266,True,False,False,False,False
1234,57.0,60554.17,3.0000000000000004,3.7,228.0,1404.79,4437.8,False,True,False,False,False,False,False,False,True,0.0232,351.2,0.00437,False,False,False,True,False
1235,43.0,52449.08665951027,2.0,4.3,111.0,812.9,1501.96,False,False,False,True,False,False,True,False,False,0.0155,270.97,0.00893,False,False,True,False,False
1236,55.0,70563.47,-8.881784197001252e-16,2.8,356.0,1014.65,2363.78,True,False,False,False,False,False,False,True,False,0.0144,1014.65,0.0028,False,False,False,True,False
1237,52.0,53912.93,12.0,4.0,339.0,1099.74,4706.11,False,False,True,False,False,False,True,False,False,0.0204,84.6,0.00294,False,False,False,True,False
1238,40.0,51182.55,3.0000000000000004,3.7,260.0,968.62,2845.52,False,False,True,False,False,False,False,False,True,0.0189,242.16,0.00383,False,False,True,False,False
1239,34.0,71851.96,8.0,3.5,255.0,1856.88,6654.99,False,False,False,False,True,False,False,True,False,0.0258,206.32,0.00391,False,True,False,False,False
1240,50.0,64640.41146001718,6.0,3.0,240.0,3150.0225,3424.34,False,False,False,True,False,False,False,False,True,0.0487,450.0,0.00415,False,False,True,False,False
1241,25.0,70370.3,2.0,3.6,294.0,1468.86,6491.54,False,False,False,True,False,False,False,True,False,0.0209,489.62,0.00339,True,False,False,False,False
1242,48.0,67995.00857880534,6.0,5.0,184.0,2266.62,7260.64,False,False,True,False,False,False,False,False,True,0.0333,323.8,0.00541,False,False,True,False,False
1243,22.0,38489.03121132532,1.0,4.9,387.0,1287.42,4660.2,False,False,False,True,False,True,False,False,False,0.0334,643.71,0.00258,True,False,False,False,False
1244,51.0,54412.7,2.0,3.7,138.0,934.18,2515.6,False,False,False,False,True,False,False,False,True,0.0172,311.39,0.00719,False,False,False,True,False
1245,50.0,96631.09,2.0,3.7,3.0,1453.87,3561.03,False,False,False,False,True,False,False,True,False,0.015,484.62,0.25,False,False,True,False,False
1246,22.0,39434.25,12.0,3.7,279.0,1452.62,5544.05,False,False,True,False,False,False,False,False,True,0.0368,111.74,0.00357,True,False,False,False,False
1247,57.0,25854.90689695144,8.0,4.7,264.0,49.99999999999977,231.16,True,False,False,False,False,False,False,True,False,0.0019,5.56,0.00377,False,False,False,True,False
1248,39.0,24039.410000000003,13.0,3.0,392.0,1444.85,5814.26,False,False,False,True,False,False,False,True,False,0.0601,103.2,0.00254,False,False,True,False,False
1249,58.0,65640.42,6.0,3.6,158.0,1467.37,4600.47,True,False,False,False,False,False,False,False,True,0.0224,209.62,0.00629,False,False,False,True,False
1250,20.0,65680.18,3.0000000000000004,2.1,169.0,2166.12,4958.68,False,False,False,True,False,False,False,False,True,0.033,541.53,0.00588,True,False,False,False,False
1251,27.0,62412.56,9.0,4.7,224.0,917.47,5656.62,False,False,False,True,False,False,False,False,True,0.0147,91.75,0.00444,False,True,False,False,False
1252,43.0,91330.64698004718,13.0,5.0,156.0,2721.5,9240.82,False,False,False,True,False,False,False,False,True,0.0298,194.39,0.00637,False,False,True,False,False
1253,27.0,15000.0,7.0,3.8,313.0,539.8,1239.4,True,False,False,False,False,True,False,False,False,0.036,67.47,0.00318,False,True,False,False,False
1254,35.0,73710.55,-8.881784197001252e-16,1.8,171.0,1341.79,4810.12,False,False,False,True,False,False,False,True,False,0.0182,1341.79,0.00581,False,True,False,False,False
1255,52.0,99351.64,4.0,4.2,313.0,1599.1,5008.37,False,False,False,True,False,False,False,False,True,0.0161,319.82,0.00318,False,False,False,True,False
1256,25.0,40188.82,13.0,2.9,170.0,1562.08,7129.22,False,False,False,False,True,True,False,False,False,0.0389,111.58,0.00585,True,False,False,False,False
1257,53.0,56644.26,7.0,3.1,90.0,1683.34,5238.08,True,False,False,False,False,False,False,False,True,0.0297,210.42,0.01099,False,False,False,True,False
1259,27.0,45324.39,7.0,3.9,210.0,1589.71,5753.38,False,False,False,False,True,False,True,False,False,0.0351,198.71,0.00474,False,True,False,False,False
1260,48.0,57822.24,-8.881784197001252e-16,3.3,282.0,918.8900000000001,3350.02,False,False,False,True,False,True,False,False,False,0.0159,918.89,0.00353,False,False,True,False,False
1261,59.0,96404.68,13.0,3.1,236.0,2046.55,8645.21,False,False,True,False,False,False,True,False,False,0.0212,146.18,0.00422,False,False,False,True,False
1262,26.0,105422.51,11.0,3.8,143.0,2001.05,7635.06,True,False,False,False,False,False,False,True,False,0.019,166.75,0.00694,False,True,False,False,False
1263,33.0,57609.34,10.0,3.3,388.0,2141.48,7852.69,False,False,False,True,False,True,False,False,False,0.0372,194.68,0.00257,False,True,False,False,False
1265,69.0,65782.68,2.0,3.4,397.0,1987.75,6087.66,False,False,True,False,False,True,False,False,False,0.0302,662.58,0.00251,False,False,False,False,True
1266,48.0,103581.2,13.0,4.0,172.0,2801.65,9875.81,True,False,False,False,False,False,True,False,False,0.027,200.12,0.00578,False,False,True,False,False
1267,41.0,62947.43,3.0000000000000004,3.5,9.0,1510.91,3700.51,False,False,False,True,False,True,False,False,False,0.024,377.73,0.1,False,False,True,False,False
1268,36.0,67883.27,14.0,2.4,14.0,1794.92,7745.47,False,False,False,True,False,False,False,False,True,0.0264,119.66,0.06667,False,False,True,False,False
1269,49.0,73040.44,2.0,3.7,389.0,1805.08,5576.84,False,True,False,False,False,False,False,False,True,0.0247,601.69,0.00256,False,False,True,False,False
1270,48.0,120891.97625,8.0,1.2,211.0,3012.51,9749.73,False,False,False,True,False,False,False,True,False,0.0249,334.72,0.00472,False,False,True,False,False
1271,33.0,83728.28,11.0,3.3,155.0,1966.88,8426.7,False,False,False,False,True,False,False,True,False,0.0235,163.91,0.00641,False,True,False,False,False
1272,19.0,49440.18,1.0,3.1,324.0,1307.21,2770.16,False,True,False,False,False,False,False,True,False,0.0264,653.6,0.00308,True,False,False,False,False
1273,25.0,85349.68643278803,1.0,3.8,246.0,1708.77,6600.33,False,False,False,False,True,True,False,False,False,0.02,854.38,0.00405,True,False,False,False,False
1274,67.0,57039.68,12.0,4.2,264.0,1301.46,5606.23,False,False,True,False,False,False,False,True,False,0.0228,100.11,0.00377,False,False,False,False,True
1275,39.0,55271.543529492454,-8.881784197001252e-16,4.7,274.0,1324.44,4107.37,False,False,False,False,True,False,False,False,True,0.024,1324.44,0.00364,False,False,True,False,False
1276,43.0,84114.66972877613,9.0,3.1,79.0,2034.19,6969.33,False,False,True,False,False,False,False,True,False,0.0242,203.42,0.0125,False,False,True,False,False
1277,42.0,65683.88,14.0,4.2,35.0,2069.24,6596.28,False,False,False,True,False,False,False,False,True,0.0315,137.95,0.02778,False,False,True,False,False
1278,58.0,71128.67,9.0,3.9,291.0,1601.03,5952.17,False,False,False,False,True,False,False,False,True,0.0225,160.1,0.00342,False,False,False,True,False
1279,21.0,64163.79360280811,7.0,2.2,8.0,1102.5,4727.12,False,False,False,True,False,False,False,False,True,0.0172,137.81,0.11111,True,False,False,False,False
1281,32.0,74349.25,9.0,2.4,51.0,2465.63,8099.14,False,False,False,True,False,False,True,False,False,0.0332,246.56,0.01923,False,True,False,False,False
1282,43.0,22386.729999999996,8.0,4.1,105.0,1121.25,2472.96,False,False,False,False,True,False,False,True,False,0.0501,124.58,0.00943,False,False,True,False,False
1283,52.0,79664.6,7.0,3.7,283.0,1718.17,4908.74,True,False,False,False,False,False,False,False,True,0.0216,214.77,0.00352,False,False,False,True,False
1284,43.0,46190.73236198059,2.0,3.9,249.0,827.78,4445.02,False,False,False,True,False,False,False,True,False,0.0179,275.93,0.004,False,False,True,False,False
1285,40.0,33269.42,9.0,3.3,312.0,1578.32,4754.47,False,False,False,False,True,False,True,False,False,0.0474,157.83,0.00319,False,False,True,False,False
1286,66.0,63714.95,11.0,4.4,244.0,1572.77,7360.71,False,False,True,False,False,False,True,False,False,0.0247,131.06,0.00408,False,False,False,False,True
1287,26.0,71399.83838885956,10.0,2.3,19.0,1483.93,5131.03,False,False,True,False,False,False,False,True,False,0.0208,134.9,0.05,False,True,False,False,False
1288,47.0,49742.86,1.0,3.6,335.0,3150.0225,4960.84,True,False,False,False,False,False,True,False,False,0.0633,1575.01,0.00298,False,False,True,False,False
1289,46.0,83282.7,10.0,3.2,86.0,2046.58,7949.44,False,True,False,False,False,False,False,True,False,0.0246,186.05,0.01149,False,False,True,False,False
1290,42.0,35472.15,10.0,3.1,54.0,1816.81,5740.59,False,False,True,False,False,False,False,True,False,0.0512,165.16,0.01818,False,False,True,False,False
1291,59.0,54649.34191800227,2.0,4.1,351.0,641.5900000000001,3738.22,False,False,True,False,False,False,True,False,False,0.0117,213.86,0.00284,False,False,False,True,False
1292,31.0,52132.77,12.0,4.7,77.0,1729.93,6706.74,False,False,True,False,False,False,False,False,True,0.0332,133.07,0.01282,False,True,False,False,False
1293,67.0,66768.35773699117,7.0,3.4,214.0,2387.93,8028.26,False,False,False,True,False,False,False,False,True,0.0358,298.49,0.00465,False,False,False,False,True
1294,35.0,71135.01,7.0,4.4,194.0,1714.6,5833.76,False,False,True,False,False,False,False,False,True,0.0241,214.32,0.00513,False,True,False,False,False
1295,46.0,42826.36,10.0,3.7,307.0,1150.93,5332.56,False,False,False,True,False,False,False,True,False,0.0269,104.63,0.00325,False,False,True,False,False
1296,45.0,85834.97755768495,7.0,2.9,17.0,1431.58,6701.33,False,True,False,False,False,False,False,True,False,0.0167,178.95,0.05556,False,False,True,False,False
1297,62.0,66386.05,8.0,3.5,42.0,2080.66,6960.48,False,False,True,False,False,False,False,True,False,0.0313,231.18,0.02326,False,False,False,True,False
1298,40.0,23377.18,4.0,3.4,166.0,319.49,3016.27,True,False,False,False,False,False,False,True,False,0.0137,63.9,0.00599,False,False,True,False,False
1299,32.0,21910.990000000005,13.0,3.1,189.0,920.3,3980.58,False,False,False,True,False,False,False,False,True,0.042,65.74,0.00526,False,True,False,False,False
1300,19.0,64728.98,14.0,4.1,315.0,1360.78,6760.52,False,False,False,False,True,False,True,False,False,0.021,90.72,0.00316,True,False,False,False,False
1301,36.0,60138.72,1.0,3.9,242.0,1865.53,5806.5,False,False,False,True,False,False,False,False,True,0.031,932.76,0.00412,False,False,True,False,False
1302,60.0,62724.76,10.0,2.3,59.0,2116.45,6563.51,False,False,False,True,False,True,False,False,False,0.0337,192.4,0.01667,False,False,False,True,False
1303,18.0,64384.39,-8.881784197001252e-16,2.2,391.0,1275.05,4002.52,False,False,True,False,False,False,False,False,True,0.0198,1275.05,0.00255,True,False,False,False,False
1304,64.0,69962.32,5.0,4.1,183.0,1137.59,4299.49,True,False,False,False,False,False,False,True,False,0.0163,189.6,0.00543,False,False,False,True,False
1305,46.0,85848.29,14.0,3.0,385.0,2891.33,9504.25,False,False,False,False,True,False,False,True,False,0.0337,192.76,0.00259,False,False,True,False,False
1306,25.0,40555.69,2.0,4.0,395.0,744.7399999999999,2853.81,False,False,False,True,False,False,True,False,False,0.0184,248.25,0.00253,True,False,False,False,False
1307,33.0,39216.62,5.0,4.4,20.0,542.25,2614.82,False,False,False,True,False,False,False,False,True,0.0138,90.38,0.04762,False,True,False,False,False
1308,46.0,40946.88,3.0000000000000004,2.6,202.0,234.08999999999992,1386.62,False,False,False,False,True,True,False,False,False,0.0057,58.52,0.00493,False,False,True,False,False
1309,34.0,71356.17,10.0,2.4,168.0,1568.74,6080.55,False,False,True,False,False,False,False,True,False,0.022,142.61,0.00592,False,True,False,False,False
1310,23.0,92388.84,6.0,5.0,199.0,1505.92,5516.68,False,False,False,True,False,False,False,True,False,0.0163,215.13,0.005,True,False,False,False,False
1311,52.0,57780.58660361459,8.0,4.0,123.0,1181.08,4413.65,True,False,False,False,False,False,False,True,False,0.0204,131.23,0.00806,False,False,False,True,False
1312,52.0,15000.0,14.0,3.3,223.0,1157.76,5256.27,False,False,False,True,False,False,False,False,True,0.0772,77.18,0.00446,False,False,False,True,False
1313,24.0,27512.160000000003,7.0,3.7,196.0,680.08,2510.19,False,False,False,True,False,False,False,True,False,0.0247,85.01,0.00508,True,False,False,False,False
1314,32.0,42454.001020377546,11.0,3.2,74.0,1515.74,8031.53,False,False,False,True,False,False,False,False,True,0.0357,126.31,0.01333,False,True,False,False,False
1315,30.0,52729.96,1.0,2.6,115.0,805.2700000000001,1563.01,False,False,True,False,False,False,False,False,True,0.0153,402.64,0.00862,False,True,False,False,False
1316,52.0,56015.45,3.0000000000000004,4.5,58.0,1266.38,3708.32,False,False,False,True,False,False,False,True,False,0.0226,316.6,0.01695,False,False,False,True,False
1317,55.0,65848.78,14.0,3.7,337.0,2645.34,8967.24,True,False,False,False,False,False,False,True,False,0.0402,176.36,0.00296,False,False,False,True,False
1318,55.0,58141.58,12.0,4.7,270.0,1503.44,7772.41,True,False,False,False,False,False,False,False,True,0.0259,115.65,0.00369,False,False,False,True,False
1319,66.0,88085.47,9.0,3.3,155.0,2275.48,6863.45,False,False,True,False,False,False,False,False,True,0.0258,227.55,0.00641,False,False,False,False,True
1320,57.0,56125.74632057523,5.0,2.8,158.0,576.3400000000001,3032.86,False,False,False,False,True,False,False,False,True,0.0103,96.06,0.00629,False,False,False,True,False
1321,34.0,46029.0,2.0,3.3,31.0,1608.62,4980.56,False,False,True,False,False,False,False,False,True,0.0349,536.21,0.03125,False,True,False,False,False
1322,23.0,75535.26,12.0,1.3,115.0,1799.82,7321.78,False,False,False,False,True,False,False,True,False,0.0238,138.45,0.00862,True,False,False,False,False
1323,49.0,31215.869999999995,11.0,3.6,369.0,1484.53,6662.56,False,False,False,True,False,False,False,False,True,0.0476,123.71,0.0027,False,False,True,False,False
1324,65.0,73573.22,3.0000000000000004,3.7,12.0,1542.19,6013.87,False,False,False,False,True,False,True,False,False,0.021,385.55,0.07692,False,False,False,True,False
1325,68.0,67256.17,8.0,4.4,58.0,1909.76,6286.2,False,False,True,False,False,False,False,False,True,0.0284,212.2,0.01695,False,False,False,False,True
1326,29.0,61723.321559946075,9.0,2.0,338.0,1863.53,6781.6,False,False,True,False,False,False,False,False,True,0.0302,186.35,0.00295,False,True,False,False,False
1327,30.0,99942.07,7.0,4.7,208.0,2097.87,5802.81,False,False,False,True,False,False,True,False,False,0.021,262.23,0.00478,False,True,False,False,False
1328,19.0,51311.44,13.0,4.4,12.0,1982.99,7499.86,False,False,False,True,False,False,False,False,True,0.0386,141.64,0.07692,True,False,False,False,False
1329,25.0,110326.56,1.0,4.8,195.0,1942.94,5475.42,False,False,False,True,False,False,False,True,False,0.0176,971.47,0.0051,True,False,False,False,False
1330,46.0,56209.33484130219,3.0000000000000004,3.7,299.0,1631.98,4981.25,True,False,False,False,False,True,False,False,False,0.029,408.0,0.00333,False,False,True,False,False
1331,46.0,36905.64,1.0,4.6,138.0,622.03,725.83,False,False,False,True,False,True,False,False,False,0.0169,311.02,0.00719,False,False,True,False,False
1332,37.0,66538.23,10.0,2.4,152.0,1870.59,7165.76,False,False,True,False,False,False,True,False,False,0.0281,170.05,0.00654,False,False,True,False,False
1333,34.0,43808.483815652755,9.0,4.3,252.0,1001.65,2910.1,False,False,False,False,True,False,False,False,True,0.0229,100.16,0.00395,False,True,False,False,False
1334,61.0,48461.37,14.0,3.0,239.0,1549.22,6576.29,False,False,False,False,True,False,False,True,False,0.032,103.28,0.00417,False,False,False,True,False
1335,41.0,73734.73,8.0,2.2,361.0,1364.82,4368.19,False,False,False,False,True,True,False,False,False,0.0185,151.65,0.00276,False,False,True,False,False
1336,60.0,73176.63495474414,2.0,3.7,99.0,1723.48,4701.22,True,False,False,False,False,True,False,False,False,0.0236,574.49,0.01,False,False,False,True,False
1337,68.0,51312.31,6.0,3.7,110.0,1283.92,5546.71,True,False,False,False,False,False,False,False,True,0.025,183.42,0.00901,False,False,False,False,True
1338,34.0,86722.91,1.0,3.0,62.0,1558.4,5383.56,False,False,False,True,False,False,False,False,True,0.018,779.2,0.01587,False,True,False,False,False
1339,28.0,90465.17,10.0,4.0,265.0,2187.29,8792.24,True,False,False,False,False,False,False,False,True,0.0242,198.84,0.00376,False,True,False,False,False
1340,67.0,92783.8594191065,10.0,2.1,213.0,2385.57,9677.69,False,False,False,True,False,False,False,False,True,0.0257,216.87,0.00467,False,False,False,False,True
1341,51.0,76647.09,12.0,1.8,138.0,1766.4,6364.2,False,False,True,False,False,False,False,True,False,0.023,135.88,0.00719,False,False,False,True,False
1342,33.0,90941.70543838406,5.0,4.9,278.0,2048.41,8020.16,False,False,False,True,False,False,False,False,True,0.0225,341.4,0.00358,False,True,False,False,False
1343,50.0,23622.43,4.0,4.5,150.0,230.23000000000002,239.39,False,False,True,False,False,False,False,False,True,0.0097,46.05,0.00662,False,False,True,False,False
1344,44.0,58006.06,1.0,2.8,78.0,2138.41,6672.97,False,False,False,True,False,False,False,False,True,0.0369,1069.2,0.01266,False,False,True,False,False
1345,65.0,46262.73407118744,6.0,3.7,215.0,1582.17,4920.01,False,False,False,True,False,False,False,True,False,0.0342,226.02,0.00463,False,False,False,True,False
1346,31.0,67622.97,7.0,4.6,174.0,1741.7,5336.24,True,False,False,False,False,False,False,False,True,0.0258,217.71,0.00571,False,True,False,False,False
1347,69.0,55190.92903581321,11.0,3.7,162.0,1957.41,7559.38,False,False,False,False,True,False,False,True,False,0.0355,163.12,0.00613,False,False,False,False,True
1348,66.0,61344.53,11.0,3.8,177.0,875.19,5207.38,False,True,False,False,False,False,False,False,True,0.0143,72.93,0.00562,False,False,False,False,True
1349,27.0,106407.85,2.0,4.7,365.0,1185.09,5059.02,False,False,True,False,False,True,False,False,False,0.0111,395.03,0.00273,False,True,False,False,False
1350,26.0,57723.489092369506,4.0,3.0,86.0,1225.61,4448.57,False,False,False,False,True,False,False,False,True,0.0212,245.12,0.01149,False,True,False,False,False
1351,45.0,74103.43,7.0,3.7,110.0,1210.64,4923.2,False,False,False,False,True,False,False,True,False,0.0163,151.33,0.00901,False,False,True,False,False
1352,20.0,59890.07,5.0,3.7,226.0,1303.16,5028.29,False,False,True,False,False,False,False,False,True,0.0218,217.19,0.00441,True,False,False,False,False
1353,33.0,66665.69,-8.881784197001252e-16,3.5,18.0,1415.58,4448.62,False,False,False,False,True,False,False,False,True,0.0212,1415.58,0.05263,False,True,False,False,False
1354,40.0,65132.37,12.0,3.3,58.0,2150.81,8261.43,False,False,False,True,False,False,False,False,True,0.033,165.45,0.01695,False,False,True,False,False
1355,68.0,74863.13,10.0,3.8,226.0,1441.96,6016.73,True,False,False,False,False,False,False,False,True,0.0193,131.09,0.00441,False,False,False,False,True
1356,69.0,90636.77,7.0,3.7,203.0,2252.59,8262.07,False,False,False,True,False,False,False,False,True,0.0249,281.57,0.0049,False,False,False,False,True
1357,25.0,101242.67,4.0,2.8,261.0,2190.61,5787.19,False,False,False,True,False,False,False,True,False,0.0216,438.12,0.00382,True,False,False,False,False
1358,64.0,71811.64,12.0,4.4,45.0,2055.24,7551.2,False,False,True,False,False,False,False,True,False,0.0286,158.1,0.02174,False,False,False,True,False
1359,22.0,77970.03,-8.881784197001252e-16,2.8,341.0,3150.0225,3051.35,False,False,True,False,False,False,False,False,True,0.0404,3150.02,0.00292,True,False,False,False,False
1360,56.0,39680.979999999996,6.0,3.5,194.0,1586.87,5485.35,False,False,True,False,False,False,False,True,False,0.04,226.7,0.00513,False,False,False,True,False
1361,61.0,63066.71,12.0,3.4,62.0,1699.93,7994.04,True,False,False,False,False,False,False,True,False,0.027,130.76,0.01587,False,False,False,True,False
1362,64.0,85686.37,14.0,4.0,124.0,2983.4,10036.1,False,False,False,True,False,False,False,False,True,0.0348,198.89,0.008,False,False,False,True,False
1363,29.0,84051.31,3.0000000000000004,1.8,90.0,1484.87,5104.49,False,False,True,False,False,False,False,False,True,0.0177,371.22,0.01099,False,True,False,False,False
1364,64.0,69655.41,9.0,4.5,180.0,2050.24,7777.34,True,False,False,False,False,False,False,False,True,0.0294,205.02,0.00552,False,False,False,True,False
1365,24.0,84500.67,2.0,3.1,187.0,1746.15,3856.2,False,False,False,True,False,False,False,False,True,0.0207,582.05,0.00532,True,False,False,False,False
1366,44.0,75796.87,1.0,3.7,173.0,1424.84,4052.38,False,False,False,True,False,False,False,True,False,0.0188,712.42,0.00575,False,False,True,False,False
1367,42.0,91406.74,5.0,3.3,184.0,2281.06,7658.33,False,True,False,False,False,True,False,False,False,0.025,380.18,0.00541,False,False,True,False,False
1368,34.0,74198.53797415696,13.0,3.7,363.0,1827.65,4915.19,False,False,False,True,False,True,False,False,False,0.0246,130.55,0.00275,False,True,False,False,False
1369,19.0,57174.64,10.0,5.0,383.0,478.71000000000004,2487.07,False,False,False,True,False,True,False,False,False,0.0084,43.52,0.0026,True,False,False,False,False
1370,58.0,72388.51,7.0,3.5,195.0,502.6199999999999,3911.12,False,False,True,False,False,False,False,True,False,0.0069,62.83,0.0051,False,False,False,True,False
1371,35.0,15000.0,4.0,4.8,385.0,968.97,3974.82,True,False,False,False,False,False,False,False,True,0.0646,193.79,0.00259,False,True,False,False,False
1372,52.0,73423.49,2.0,3.7,327.0,3150.0225,6435.11,False,True,False,False,False,False,False,False,True,0.0429,1050.01,0.00305,False,False,False,True,False
1373,39.0,18453.367286702516,4.0,4.1,327.0,1214.94,4493.11,False,False,False,False,True,False,False,False,True,0.0658,242.99,0.00305,False,False,True,False,False
1374,37.0,27083.809999999998,2.0,3.8,90.0,614.6599999999999,2279.57,True,False,False,False,False,False,False,False,True,0.0227,204.89,0.01099,False,False,True,False,False
1375,64.0,74938.91,2.0,3.7,175.0,1061.72,4148.01,True,False,False,False,False,False,False,False,True,0.0142,353.91,0.00568,False,False,False,True,False
1376,22.0,75505.65,10.0,3.1,140.0,1742.28,6358.23,False,False,False,True,False,False,False,True,False,0.0231,158.39,0.00709,True,False,False,False,False
1377,56.0,39426.57,1.0,2.8,38.0,833.0999999999999,2719.67,True,False,False,False,False,False,False,False,True,0.0211,416.55,0.02564,False,False,False,True,False
1378,56.0,49333.76,-8.881784197001252e-16,3.1,30.0,583.8600000000001,1447.09,False,False,False,False,True,False,False,False,True,0.0118,583.86,0.03226,False,False,False,True,False
1379,37.0,95151.9,8.0,3.8,248.0,2882.47,10368.48,False,True,False,False,False,False,True,False,False,0.0303,320.27,0.00402,False,False,True,False,False
1380,31.0,54351.34,4.0,3.5,168.0,2142.83,7717.84,False,False,False,True,False,False,False,False,True,0.0394,428.57,0.00592,False,True,False,False,False
1381,18.0,114344.25,6.0,4.3,330.0,2718.2,9942.87,False,False,True,False,False,False,True,False,False,0.0238,388.31,0.00302,True,False,False,False,False
1382,66.0,66375.36976387285,2.0,4.9,267.0,1374.81,4060.12,True,False,False,False,False,False,False,False,True,0.0207,458.27,0.00373,False,False,False,False,True
1383,67.0,73976.8,3.0000000000000004,2.8,34.0,1081.55,3130.62,False,False,True,False,False,False,False,True,False,0.0146,270.39,0.02857,False,False,False,False,True
1384,30.0,100571.24,6.0,3.0,335.0,2870.0,10102.29,False,False,True,False,False,False,False,False,True,0.0285,410.0,0.00298,False,True,False,False,False
1385,19.0,67882.6,10.0,2.4,198.0,1788.17,7084.38,False,False,False,True,False,False,False,True,False,0.0263,162.56,0.00503,True,False,False,False,False
1386,24.0,49387.563222902594,6.0,5.0,226.0,983.3,4050.6,True,False,False,False,False,False,False,False,True,0.0199,140.47,0.00441,True,False,False,False,False
1387,21.0,59989.28180499619,8.0,4.0,386.0,1764.19,5729.43,False,False,True,False,False,False,False,False,True,0.0294,196.02,0.00258,True,False,False,False,False
1388,61.0,60359.921773936185,7.0,4.1,256.0,1330.05,5357.82,False,False,False,True,False,False,False,True,False,0.022,166.26,0.00389,False,False,False,True,False
1389,64.0,34975.68,4.0,2.5,8.0,918.26,2377.18,False,False,True,False,False,False,False,False,True,0.0263,183.65,0.11111,False,False,False,True,False
1390,25.0,59371.69,4.0,3.7,70.0,770.4500000000002,3627.09,False,False,False,True,False,False,False,False,True,0.013,154.09,0.01408,True,False,False,False,False
1391,56.0,48671.77,6.0,4.2,170.0,1648.27,6610.5,True,False,False,False,False,True,False,False,False,0.0339,235.47,0.00585,False,False,False,True,False
1392,27.0,85335.87,-8.881784197001252e-16,3.5,14.0,1664.95,6320.57,False,False,True,False,False,False,False,False,True,0.0195,1664.95,0.06667,False,True,False,False,False
1393,37.0,65761.46,10.0,4.7,66.0,2178.75,8171.31,False,False,True,False,False,False,False,True,False,0.0331,198.07,0.01493,False,False,True,False,False
1394,49.0,58778.49,9.0,5.0,316.0,1455.12,4469.97,True,False,False,False,False,False,False,True,False,0.0248,145.51,0.00315,False,False,True,False,False
1395,55.0,62664.0,4.0,3.7,57.0,1358.8,4781.5,False,False,False,True,False,False,False,False,True,0.0217,271.76,0.01724,False,False,False,True,False
1396,63.0,69414.39014158612,5.0,2.8,66.0,1113.25,5943.96,True,False,False,False,False,False,False,True,False,0.016,185.54,0.01493,False,False,False,True,False
1397,20.0,78569.91,4.0,2.9,201.0,2035.3,5779.06,False,False,False,True,False,False,False,False,True,0.0259,407.06,0.00495,True,False,False,False,False
1398,28.0,42843.28792054978,9.0,5.0,36.0,869.79,3907.19,False,True,False,False,False,False,True,False,False,0.0203,86.98,0.02703,False,True,False,False,False
1399,32.0,42085.07,11.0,4.6,102.0,1087.13,5919.5,False,False,False,True,False,False,False,False,True,0.0258,90.59,0.00971,False,True,False,False,False
1400,34.0,89302.94,1.0,3.6,375.0,1826.48,6102.94,True,False,False,False,False,False,False,False,True,0.0205,913.24,0.00266,False,True,False,False,False
1401,69.0,55928.59,6.0,3.7,252.0,1407.06,6961.06,False,False,True,False,False,False,False,False,True,0.0252,201.01,0.00395,False,False,False,False,True
1402,58.0,33829.47,-8.881784197001252e-16,3.0,385.0,49.99999999999977,58.532500000000255,False,True,False,False,False,True,False,False,False,0.0015,50.0,0.00259,False,False,False,True,False
1403,34.0,74186.4523171109,6.0,4.5,141.0,1642.96,4963.23,False,True,False,False,False,False,True,False,False,0.0221,234.71,0.00704,False,True,False,False,False
1404,68.0,75194.14,3.0000000000000004,3.4,246.0,1941.97,7036.17,True,False,False,False,False,True,False,False,False,0.0258,485.49,0.00405,False,False,False,False,True
1405,43.0,31324.259999999995,5.0,3.5,95.0,675.15,1794.41,False,False,False,True,False,False,False,True,False,0.0216,112.52,0.01042,False,False,True,False,False
1406,44.0,70048.6,6.0,4.2,151.0,1551.08,5320.77,False,False,True,False,False,False,False,True,False,0.0221,221.58,0.00658,False,False,True,False,False
1407,40.0,81182.83,4.0,3.5,69.0,1848.62,5980.86,False,False,False,False,True,False,False,True,False,0.0228,369.72,0.01429,False,False,True,False,False
1408,25.0,73236.5,5.0,3.7,333.0,1614.35,6347.03,True,False,False,False,False,True,False,False,False,0.022,269.06,0.00299,True,False,False,False,False
1409,66.0,78903.59,11.0,3.7,73.0,1605.87,6945.13,False,False,True,False,False,False,False,True,False,0.0204,133.82,0.01351,False,False,False,False,True
1410,18.0,34106.08,12.0,4.4,81.0,1147.58,5375.66,False,False,False,True,False,False,False,False,True,0.0336,88.28,0.0122,True,False,False,False,False
1411,27.0,72282.88,-8.881784197001252e-16,3.7,185.0,1843.29,5009.11,False,False,False,True,False,False,False,True,False,0.0255,1843.29,0.00538,False,True,False,False,False
1412,29.0,58342.37,5.0,4.2,171.0,946.38,4671.38,False,False,False,False,True,False,False,True,False,0.0162,157.73,0.00581,False,True,False,False,False
1414,24.0,78650.04795661524,7.0,3.5,142.0,1410.39,5970.52,True,False,False,False,False,False,False,False,True,0.0179,176.3,0.00699,True,False,False,False,False
1415,18.0,97544.04,3.0000000000000004,3.1,118.0,2447.43,7623.75,True,False,False,False,False,False,False,False,True,0.0251,611.86,0.0084,True,False,False,False,False
1416,53.0,104476.14,8.0,4.3,365.0,2372.58,7137.92,False,False,False,True,False,False,True,False,False,0.0227,263.62,0.00273,False,False,False,True,False
1417,68.0,91282.54543454136,2.0,3.9,232.0,1618.44,4775.37,False,False,False,True,False,False,False,False,True,0.0177,539.48,0.00429,False,False,False,False,True
1418,24.0,62987.88982939187,-8.881784197001252e-16,2.4,367.0,1288.62,3676.44,False,False,True,False,False,False,True,False,False,0.0205,1288.62,0.00272,True,False,False,False,False
1419,33.0,73090.55560652481,9.0,3.4,394.0,1333.76,4984.32,False,False,False,False,True,False,False,True,False,0.0182,133.38,0.00253,False,True,False,False,False
1420,44.0,81870.1,7.0,3.6,260.0,1504.0,5615.84,False,False,False,True,False,False,True,False,False,0.0184,188.0,0.00383,False,False,True,False,False
1421,66.0,67665.91,11.0,3.2,330.0,1209.26,6772.22,False,False,False,True,False,False,False,False,True,0.0179,100.77,0.00302,False,False,False,False,True
1422,54.0,67876.81,5.0,5.0,44.0,1130.82,5253.55,False,False,True,False,False,True,False,False,False,0.0167,188.47,0.02222,False,False,False,True,False
1423,57.0,83122.57,12.0,4.1,379.0,2685.39,9217.63,False,False,True,False,False,False,False,True,False,0.0323,206.57,0.00263,False,False,False,True,False
1424,48.0,65143.44035333748,6.0,4.9,192.0,1220.67,3622.01,True,False,False,False,False,False,False,False,True,0.0187,174.38,0.00518,False,False,True,False,False
1425,39.0,48955.69,11.0,3.9,285.0,3150.0225,7223.45,False,False,True,False,False,False,False,False,True,0.0643,262.5,0.0035,False,False,True,False,False
1426,28.0,55881.59,1.0,3.8,98.0,823.11,2727.35,False,False,True,False,False,False,False,False,True,0.0147,411.56,0.0101,False,True,False,False,False
1427,62.0,78946.03,1.0,2.9,38.0,1922.73,4365.08,False,False,False,False,True,False,False,False,True,0.0244,961.36,0.02564,False,False,False,True,False
1428,59.0,65065.85,11.0,3.7,353.0,1330.88,6197.8,False,False,False,True,False,False,True,False,False,0.0205,110.91,0.00282,False,False,False,True,False
1429,19.0,72484.62,12.0,3.7,179.0,1945.38,8208.85,False,False,False,True,False,True,False,False,False,0.0268,149.64,0.00556,True,False,False,False,False
1430,55.0,79976.25671995607,14.0,2.5,55.0,2175.98,6396.64,False,False,False,True,False,False,False,True,False,0.0272,145.07,0.01786,False,False,False,True,False
1431,22.0,56753.49,4.0,3.2,263.0,2226.19,6073.37,False,False,False,False,True,False,False,True,False,0.0392,445.24,0.00379,True,False,False,False,False
1432,56.0,79491.0433978545,-8.881784197001252e-16,3.4,21.0,1884.92,5440.31,False,False,False,True,False,False,False,True,False,0.0237,1884.92,0.04545,False,False,False,True,False
1433,60.0,73334.54,14.0,4.1,180.0,1789.53,7894.78,False,False,False,False,True,False,True,False,False,0.0244,119.3,0.00552,False,False,False,True,False
1434,24.0,37834.11,9.0,4.1,281.0,1390.7,4792.49,False,True,False,False,False,False,True,False,False,0.0368,139.07,0.00355,True,False,False,False,False
1435,40.0,96730.71,3.0000000000000004,3.2,288.0,2909.88,8026.29,True,False,False,False,False,False,False,False,True,0.0301,727.47,0.00346,False,False,True,False,False
1436,24.0,53983.62,11.0,4.1,181.0,867.82,4941.12,False,False,False,True,False,True,False,False,False,0.0161,72.32,0.00549,True,False,False,False,False
1437,47.0,30225.366355981103,13.0,3.5,147.0,754.77,3748.15,True,False,False,False,False,False,False,False,True,0.025,53.91,0.00676,False,False,True,False,False
1438,66.0,39535.3495554984,4.0,1.1,335.0,905.4199999999998,3717.28,False,False,False,True,False,False,True,False,False,0.0229,181.08,0.00298,False,False,False,False,True
1439,22.0,39159.974860789254,11.0,3.3,73.0,1123.9,3995.91,False,False,False,True,False,True,False,False,False,0.0287,93.66,0.01351,True,False,False,False,False
1440,38.0,66147.81,11.0,4.7,29.0,1629.85,5304.24,False,False,False,True,False,False,True,False,False,0.0246,135.82,0.03333,False,False,True,False,False
1442,33.0,57589.7,9.0,3.8,320.0,2073.38,7311.36,False,False,False,True,False,False,False,True,False,0.036,207.34,0.00312,False,True,False,False,False
1443,24.0,78633.44,4.0,5.0,187.0,1163.63,5033.37,False,False,False,True,False,False,False,False,True,0.0148,232.73,0.00532,True,False,False,False,False
1444,43.0,72477.26,13.0,3.0,14.0,1889.46,6972.35,False,False,True,False,False,False,True,False,False,0.0261,134.96,0.06667,False,False,True,False,False
1445,44.0,71953.05,14.0,3.7,67.0,2417.39,8226.92,False,False,False,True,False,False,False,False,True,0.0336,161.16,0.01471,False,False,True,False,False
1446,52.0,79275.9900144725,14.0,2.5,11.0,2028.25,8999.36,True,False,False,False,False,False,False,True,False,0.0256,135.22,0.08333,False,False,False,True,False
1447,34.0,80619.85199927885,11.0,5.0,325.0,1619.34,5265.53,False,True,False,False,False,True,False,False,False,0.0201,134.94,0.00307,False,True,False,False,False
1448,67.0,17488.04072909367,-8.881784197001252e-16,3.6,184.0,49.99999999999977,1312.42,False,False,True,False,False,False,False,False,True,0.0029,50.0,0.00541,False,False,False,False,True
1449,45.0,60778.24255755887,5.0,3.7,27.0,1247.65,5495.35,True,False,False,False,False,False,False,False,True,0.0205,207.94,0.03571,False,False,True,False,False
1450,32.0,17035.380000000005,6.0,4.9,88.0,277.9000000000001,2453.18,False,False,False,True,False,False,False,True,False,0.0163,39.7,0.01124,False,True,False,False,False
1451,67.0,65793.32,14.0,4.3,246.0,1957.96,7102.59,False,False,True,False,False,False,False,True,False,0.0298,130.53,0.00405,False,False,False,False,True
1452,66.0,64898.07,8.0,2.9,237.0,1057.38,3839.21,False,False,True,False,False,False,False,False,True,0.0163,117.49,0.0042,False,False,False,False,True
1453,43.0,88001.71,8.0,3.1,327.0,2405.25,7925.1,False,False,True,False,False,False,False,False,True,0.0273,267.25,0.00305,False,False,True,False,False
1454,19.0,91127.96,2.0,4.1,10.0,1948.78,5047.2,False,False,True,False,False,False,False,True,False,0.0214,649.59,0.09091,True,False,False,False,False
1455,49.0,69461.05,11.0,3.7,27.0,1905.16,6338.16,False,False,False,True,False,False,False,True,False,0.0274,158.76,0.03571,False,False,True,False,False
1456,46.0,53992.06,5.0,1.8,14.0,1856.27,6446.38,False,False,False,True,False,False,False,True,False,0.0344,309.38,0.06667,False,False,True,False,False
1457,25.0,71736.90838888867,1.0,3.7,157.0,1378.35,4872.09,False,False,False,True,False,False,False,False,True,0.0192,689.18,0.00633,True,False,False,False,False
1458,50.0,53385.81,14.0,2.4,290.0,1337.39,5137.67,False,False,True,False,False,False,False,True,False,0.0251,89.16,0.00344,False,False,True,False,False
1459,61.0,64969.36,2.0,5.0,265.0,1160.28,4391.29,False,False,True,False,False,False,False,False,True,0.0179,386.76,0.00376,False,False,False,True,False
1460,23.0,85147.85001510034,-8.881784197001252e-16,3.9,84.0,1656.89,5372.62,False,False,True,False,False,False,False,False,True,0.0195,1656.89,0.01176,True,False,False,False,False
1461,55.0,52729.03,1.0,2.9,262.0,1058.19,4530.67,False,False,False,True,False,False,True,False,False,0.0201,529.1,0.0038,False,False,False,True,False
1464,39.0,43994.58,12.0,2.7,299.0,1135.52,5460.41,False,False,True,False,False,True,False,False,False,0.0258,87.35,0.00333,False,False,True,False,False
1465,18.0,86585.44996217138,7.0,3.7,168.0,2152.44,8079.3,False,False,True,False,False,False,False,True,False,0.0249,269.06,0.00592,True,False,False,False,False
1466,68.0,80368.46,4.0,5.0,23.0,1821.87,4928.67,False,True,False,False,False,False,False,True,False,0.0227,364.37,0.04167,False,False,False,False,True
1468,48.0,48228.88,7.0,3.6,307.0,2026.77,6568.03,False,False,True,False,False,False,False,False,True,0.042,253.35,0.00325,False,False,True,False,False
1469,27.0,46097.47,2.0,3.3,278.0,1305.68,3830.17,False,False,True,False,False,False,False,False,True,0.0283,435.23,0.00358,False,True,False,False,False
1470,66.0,53119.83658629592,14.0,2.8,107.0,2176.44,8427.92,False,True,False,False,False,False,True,False,False,0.041,145.1,0.00926,False,False,False,False,True
1471,56.0,76937.08,4.0,3.7,302.0,2005.45,6890.5,True,False,False,False,False,False,True,False,False,0.0261,401.09,0.0033,False,False,False,True,False
1472,59.0,43976.25,7.0,3.5,155.0,1843.48,6412.27,True,False,False,False,False,False,False,False,True,0.0419,230.44,0.00641,False,False,False,True,False
1473,40.0,74625.27,-8.881784197001252e-16,3.7,184.0,2232.85,6186.82,False,True,False,False,False,False,False,False,True,0.0299,2232.85,0.00541,False,False,True,False,False
1474,42.0,37296.87259579805,1.0,5.0,34.0,1174.09,2873.45,False,False,True,False,False,False,False,False,True,0.0315,587.04,0.02857,False,False,True,False,False
1475,50.0,62009.794170270536,3.0000000000000004,3.7,398.0,1612.76,5964.75,False,True,False,False,False,False,False,True,False,0.026,403.19,0.00251,False,False,True,False,False
1476,58.0,67412.25,-8.881784197001252e-16,3.1,335.0,1266.15,4119.28,False,False,True,False,False,False,False,True,False,0.0188,1266.15,0.00298,False,False,False,True,False
1477,62.0,118792.85999999999,10.0,3.1,77.0,2759.32,8771.34,True,False,False,False,False,False,False,True,False,0.0232,250.85,0.01282,False,False,False,True,False
1478,18.0,34699.06,14.0,3.6,224.0,1118.85,5089.17,False,False,False,True,False,True,False,False,False,0.0322,74.59,0.00444,True,False,False,False,False
1479,52.0,97384.32,14.0,3.6,312.0,2756.19,8569.68,False,False,False,True,False,False,False,False,True,0.0283,183.75,0.00319,False,False,False,True,False
1480,23.0,68296.53,3.0000000000000004,5.0,201.0,1197.79,4155.74,False,True,False,False,False,False,False,True,False,0.0175,299.45,0.00495,True,False,False,False,False
1481,32.0,74045.78,11.0,2.7,84.0,1844.47,6842.93,False,False,True,False,False,False,False,True,False,0.0249,153.71,0.01176,False,True,False,False,False
1482,61.0,67603.65,7.0,3.9,387.0,690.01,2991.49,False,True,False,False,False,False,False,False,True,0.0102,86.25,0.00258,False,False,False,True,False
1483,31.0,72837.36445498413,-8.881784197001252e-16,3.7,107.0,2184.92,7477.82,False,False,False,True,False,True,False,False,False,0.03,2184.92,0.00926,False,True,False,False,False
1484,59.0,61618.93,1.0,3.7,133.0,1184.19,2801.74,True,False,False,False,False,False,False,False,True,0.0192,592.1,0.00746,False,False,False,True,False
1485,42.0,96989.1,8.0,3.8,148.0,2442.01,8840.03,False,True,False,False,False,False,True,False,False,0.0252,271.33,0.00671,False,False,True,False,False
1486,30.0,49465.68706574611,6.0,2.8,356.0,1922.27,8004.62,False,False,True,False,False,False,True,False,False,0.0389,274.61,0.0028,False,True,False,False,False
1487,35.0,89909.16,-8.881784197001252e-16,3.8,200.0,1918.3,6556.66,False,True,False,False,False,True,False,False,False,0.0213,1918.3,0.00498,False,True,False,False,False
1488,45.0,50823.92,13.0,4.2,287.0,2114.22,7718.56,True,False,False,False,False,False,False,True,False,0.0416,151.02,0.00347,False,False,True,False,False
1490,49.0,41416.81999999999,7.0,4.2,371.0,2067.29,5542.74,False,False,True,False,False,False,True,False,False,0.0499,258.41,0.00269,False,False,True,False,False
1491,66.0,75010.52,14.0,5.0,342.0,2495.05,8758.49,False,False,False,True,False,False,True,False,False,0.0333,166.34,0.00292,False,False,False,False,True
1492,63.0,96792.77,14.0,4.5,363.0,2579.54,8967.18,True,False,False,False,False,False,False,True,False,0.0267,171.97,0.00275,False,False,False,True,False
1493,57.0,66698.38600660779,14.0,3.8,379.0,2395.99,8147.32,False,False,False,True,False,False,True,False,False,0.0359,159.73,0.00263,False,False,False,True,False
1494,49.0,60668.51,3.0000000000000004,2.6,396.0,865.92,2960.43,False,False,False,True,False,False,False,False,True,0.0143,216.48,0.00252,False,False,True,False,False
1495,33.0,40478.42999999999,13.0,3.2,257.0,1214.12,5308.29,False,False,True,False,False,False,False,True,False,0.03,86.72,0.00388,False,True,False,False,False
1496,39.0,64767.263911585935,7.0,3.5,52.0,2056.81,7179.75,False,False,False,False,True,False,True,False,False,0.0318,257.1,0.01887,False,False,True,False,False
1497,24.0,29958.53,10.0,3.9,45.0,252.3499999999999,1440.22,False,False,True,False,False,False,False,False,True,0.0084,22.94,0.02174,True,False,False,False,False
1498,37.0,44916.68,12.0,3.3,318.0,1602.52,5709.67,True,False,False,False,False,False,False,True,False,0.0357,123.27,0.00313,False,False,True,False,False
1499,66.0,69989.29,2.0,2.9,126.0,1692.66,5103.81,False,True,False,False,False,True,False,False,False,0.0242,564.22,0.00787,False,False,False,False,True
1500,40.0,94018.29,6.0,2.6,321.0,2908.06,8953.94,False,False,False,True,False,False,True,False,False,0.0309,415.44,0.00311,False,False,True,False,False
1501,23.0,108931.94798947743,1.0,3.7,373.0,1942.87,7744.34,False,False,True,False,False,False,True,False,False,0.0178,971.44,0.00267,True,False,False,False,False
1502,51.0,52095.13,4.0,3.5,257.0,1845.76,5921.15,True,False,False,False,False,False,False,False,True,0.0354,369.15,0.00388,False,False,False,True,False
1503,68.0,96576.6,6.0,2.4,305.0,1947.74,5444.24,False,False,False,True,False,True,False,False,False,0.0202,278.25,0.00327,False,False,False,False,True
1504,63.0,70362.55,12.0,3.7,111.0,1708.45,7109.3,True,False,False,False,False,False,False,False,True,0.0243,131.42,0.00893,False,False,False,True,False
1505,32.0,61672.55,12.0,3.3,173.0,1224.65,5914.88,True,False,False,False,False,False,False,True,False,0.0199,94.2,0.00575,False,True,False,False,False
1506,41.0,75831.57765372594,5.0,2.5,386.0,1255.2,4533.07,True,False,False,False,False,False,False,True,False,0.0166,209.2,0.00258,False,False,True,False,False
1507,45.0,66362.16,4.0,4.0,326.0,1648.65,4414.53,False,False,False,True,False,False,True,False,False,0.0248,329.73,0.00306,False,False,True,False,False
1508,30.0,67031.76582007446,7.0,3.7,81.0,1183.64,6089.83,True,False,False,False,False,True,False,False,False,0.0177,147.96,0.0122,False,True,False,False,False
1509,31.0,56016.67,13.0,3.2,374.0,1936.45,6495.38,False,False,False,True,False,False,True,False,False,0.0346,138.32,0.00267,False,True,False,False,False
1510,30.0,34241.59,14.0,3.7,199.0,979.65,5420.16,False,False,True,False,False,False,False,True,False,0.0286,65.31,0.005,False,True,False,False,False
1511,69.0,32242.35083127253,3.0000000000000004,4.2,337.0,255.58999999999992,1559.42,True,False,False,False,False,False,False,True,False,0.0079,63.9,0.00296,False,False,False,False,True
1512,56.0,77109.140012357,2.0,3.1,208.0,1456.3,5215.11,False,False,False,False,True,False,False,True,False,0.0189,485.43,0.00478,False,False,False,True,False
1513,61.0,58912.6,10.0,3.0,241.0,1712.93,7736.94,True,False,False,False,False,False,False,True,False,0.0291,155.72,0.00413,False,False,False,True,False
1514,60.0,51886.04,4.0,4.8,64.0,1086.78,4285.12,False,False,False,True,False,False,False,False,True,0.0209,217.36,0.01538,False,False,False,True,False
1515,67.0,65187.12,2.0,4.5,135.0,1397.43,3998.51,False,False,False,True,False,False,False,True,False,0.0214,465.81,0.00735,False,False,False,False,True
1516,23.0,80821.63831448459,-8.881784197001252e-16,4.2,289.0,1928.25,6530.3,False,False,True,False,False,False,True,False,False,0.0239,1928.25,0.00345,True,False,False,False,False
1517,63.0,68968.01,6.0,3.7,336.0,2052.33,6215.63,False,False,True,False,False,False,True,False,False,0.0298,293.19,0.00297,False,False,False,True,False
1518,21.0,50566.79,5.0,1.9,35.0,1087.3,4104.76,False,False,True,False,False,False,True,False,False,0.0215,181.22,0.02778,True,False,False,False,False
1519,42.0,91978.45,8.0,4.9,30.0,1741.88,5440.02,False,True,False,False,False,False,False,False,True,0.0189,193.54,0.03226,False,False,True,False,False
1520,48.0,95195.07599110456,3.0000000000000004,4.1,277.0,2145.28,5984.0,False,False,True,False,False,False,False,True,False,0.0225,536.32,0.0036,False,False,True,False,False
1521,36.0,75880.25,10.0,4.6,178.0,2105.86,7564.56,False,False,False,False,True,False,False,False,True,0.0278,191.44,0.00559,False,False,True,False,False
1522,25.0,85753.1826920915,10.0,4.0,339.0,1544.12,6518.98,False,False,True,False,False,False,False,False,True,0.018,140.37,0.00294,True,False,False,False,False
1523,27.0,92323.12,6.0,3.7,27.0,1730.22,4786.87,False,False,False,True,False,False,False,True,False,0.0187,247.17,0.03571,False,True,False,False,False
1524,60.0,89862.18,2.0,3.5,139.0,1589.57,5570.38,False,False,False,True,False,False,False,False,True,0.0177,529.86,0.00714,False,False,False,True,False
1525,34.0,78510.18,7.0,4.0,14.0,1767.07,5597.23,False,False,False,True,False,False,False,False,True,0.0225,220.88,0.06667,False,True,False,False,False
1526,34.0,78163.64,10.0,3.4,283.0,1658.86,7452.54,False,False,False,False,True,False,False,True,False,0.0212,150.81,0.00352,False,True,False,False,False
1527,66.0,76432.53,5.0,4.5,343.0,2011.47,6261.43,False,True,False,False,False,False,False,True,False,0.0263,335.24,0.00291,False,False,False,False,True
1528,25.0,40858.57,3.0000000000000004,2.3,62.0,295.1199999999999,697.49,False,False,False,False,True,False,False,True,False,0.0072,73.78,0.01587,True,False,False,False,False
1529,65.0,80415.91,7.0,3.2,129.0,1256.43,5055.88,False,False,True,False,False,False,False,False,True,0.0156,157.05,0.00769,False,False,False,True,False
1530,65.0,35172.09,5.0,5.0,338.0,769.89,2293.46,False,False,False,False,True,False,False,True,False,0.0219,128.32,0.00295,False,False,False,True,False
1531,49.0,47518.81,6.0,3.1,16.0,1120.12,5190.64,False,False,True,False,False,False,False,True,False,0.0236,160.02,0.05882,False,False,True,False,False
1532,26.0,93678.43,5.0,3.5,380.0,1491.71,5416.48,False,True,False,False,False,False,False,True,False,0.0159,248.62,0.00262,False,True,False,False,False
1533,26.0,83484.84,4.0,2.9,354.0,1587.0,5281.01,False,False,False,True,False,False,False,True,False,0.019,317.4,0.00282,False,True,False,False,False
1534,32.0,97722.76,10.0,4.0,61.0,2194.04,8435.77,False,False,False,True,False,False,False,False,True,0.0225,199.46,0.01613,False,True,False,False,False
1535,48.0,59023.16,6.0,3.0,55.0,3150.0225,3844.12,False,False,True,False,False,True,False,False,False,0.0534,450.0,0.01786,False,False,True,False,False
1536,25.0,44893.177613561995,6.0,3.5,276.0,1093.76,2999.58,False,False,True,False,False,False,False,False,True,0.0244,156.25,0.00361,True,False,False,False,False
1537,41.0,59710.38,9.0,4.5,4.0,1289.58,5497.74,False,False,True,False,False,False,False,True,False,0.0216,128.96,0.2,False,False,True,False,False
1538,24.0,66631.51285926276,5.0,3.1,202.0,2136.03,5882.79,False,True,False,False,False,False,False,False,True,0.0321,356.01,0.00493,True,False,False,False,False
1539,46.0,64360.37466721896,1.0,4.4,26.0,1570.04,3862.47,False,False,False,False,True,False,False,True,False,0.0244,785.02,0.03704,False,False,True,False,False
1540,19.0,89948.09224269405,12.0,4.4,212.0,1955.97,8258.74,False,True,False,False,False,False,False,False,True,0.0217,150.46,0.00469,True,False,False,False,False
1541,54.0,57052.05,-8.881784197001252e-16,4.6,140.0,1178.85,3937.7,False,False,True,False,False,False,True,False,False,0.0207,1178.85,0.00709,False,False,False,True,False
1542,20.0,71566.26979679684,8.0,3.8,282.0,1824.5,5485.63,False,False,False,True,False,False,False,False,True,0.0255,202.72,0.00353,True,False,False,False,False
1543,28.0,43250.2,3.0000000000000004,3.7,352.0,1470.89,4064.42,False,False,False,True,False,False,False,True,False,0.034,367.72,0.00283,False,True,False,False,False
1544,27.0,73335.07144284579,3.0000000000000004,4.6,195.0,1377.99,3921.06,False,False,False,True,False,False,False,False,True,0.0188,344.5,0.0051,False,True,False,False,False
1545,61.0,65068.39,-8.881784197001252e-16,4.0,256.0,1608.3,6092.49,False,False,False,True,False,False,False,False,True,0.0247,1608.3,0.00389,False,False,False,True,False
1546,20.0,48504.11,13.0,2.9,240.0,1506.82,6926.9,False,False,False,True,False,False,False,True,False,0.0311,107.63,0.00415,True,False,False,False,False
1547,40.0,64975.93367177412,6.0,3.6,393.0,2032.86,6243.59,True,False,False,False,False,False,False,True,False,0.0313,290.41,0.00254,False,False,True,False,False
1548,48.0,60948.13,5.0,5.0,92.0,1935.32,6658.74,False,False,True,False,False,False,False,True,False,0.0318,322.55,0.01075,False,False,True,False,False
1549,44.0,59056.59,11.0,5.0,95.0,1699.92,5405.42,False,False,False,True,False,True,False,False,False,0.0288,141.66,0.01042,False,False,True,False,False
1550,53.0,103969.51,-8.881784197001252e-16,5.0,151.0,1974.48,5437.78,True,False,False,False,False,False,True,False,False,0.019,1974.48,0.00658,False,False,False,True,False
1551,59.0,62834.19,8.0,4.4,294.0,1779.33,6360.56,False,False,True,False,False,True,False,False,False,0.0283,197.7,0.00339,False,False,False,True,False
1552,38.0,59634.29,7.0,3.7,346.0,1400.51,5509.4,False,True,False,False,False,False,False,False,True,0.0235,175.06,0.00288,False,False,True,False,False
1554,34.0,45327.44,1.0,2.6,43.0,977.94,3246.54,False,False,False,False,True,False,False,True,False,0.0216,488.97,0.02273,False,True,False,False,False
1555,69.0,59212.38,14.0,2.4,243.0,1581.99,6709.77,True,False,False,False,False,False,False,True,False,0.0267,105.47,0.0041,False,False,False,False,True
1556,44.0,49911.24,3.0000000000000004,3.9,239.0,934.38,3154.2,True,False,False,False,False,True,False,False,False,0.0187,233.6,0.00417,False,False,True,False,False
1557,56.0,94945.9582167964,10.0,4.2,149.0,1822.74,6773.91,True,False,False,False,False,False,False,True,False,0.0192,165.7,0.00667,False,False,False,True,False
1558,63.0,61371.37,11.0,4.5,73.0,1890.05,6647.83,False,False,False,False,True,False,True,False,False,0.0308,157.5,0.01351,False,False,False,True,False
1559,59.0,93345.77,5.0,3.7,339.0,1738.91,6216.28,True,False,False,False,False,False,True,False,False,0.0186,289.82,0.00294,False,False,False,True,False
1560,62.0,67973.86070735188,1.0,4.2,338.0,1806.41,5658.25,False,False,False,True,False,False,False,False,True,0.0266,903.2,0.00295,False,False,False,True,False
1561,45.0,65819.01,4.0,3.7,299.0,959.21,3814.9,False,False,True,False,False,False,False,True,False,0.0146,191.84,0.00333,False,False,True,False,False
1562,20.0,63046.48,12.0,3.6,231.0,1791.83,5967.16,True,False,False,False,False,False,False,True,False,0.0284,137.83,0.00431,True,False,False,False,False
1563,43.0,64198.94597116484,13.0,2.3,104.0,2281.76,7506.09,False,False,True,False,False,True,False,False,False,0.0355,162.98,0.00952,False,False,True,False,False
1564,27.0,102813.49,14.0,1.9,161.0,1755.37,7835.67,False,False,True,False,False,False,True,False,False,0.0171,117.02,0.00617,False,True,False,False,False
1565,64.0,16390.393369796722,3.0000000000000004,4.4,27.0,1227.31,4845.61,False,False,True,False,False,False,False,False,True,0.0749,306.83,0.03571,False,False,False,True,False
1566,30.0,20965.990000000005,9.0,3.0,99.0,609.21,3204.62,False,False,False,True,False,False,False,False,True,0.0291,60.92,0.01,False,True,False,False,False
1567,29.0,53050.24,2.0,4.5,180.0,1197.44,3494.77,False,False,True,False,False,False,False,False,True,0.0226,399.15,0.00552,False,True,False,False,False
1568,30.0,65319.61,10.0,4.7,174.0,1934.97,7170.09,True,False,False,False,False,False,False,True,False,0.0296,175.91,0.00571,False,True,False,False,False
1570,47.0,75407.92,10.0,4.2,383.0,2017.71,8345.51,False,False,False,False,True,False,True,False,False,0.0268,183.43,0.0026,False,False,True,False,False
1571,67.0,56546.59,10.0,3.1,107.0,1929.89,7039.47,False,False,False,True,False,False,False,True,False,0.0341,175.44,0.00926,False,False,False,False,True
1572,39.0,87418.96,14.0,3.7,203.0,2516.01,8728.65,False,False,False,True,False,False,True,False,False,0.0288,167.73,0.0049,False,False,True,False,False
1573,32.0,87664.3,7.0,3.8,186.0,2737.64,8637.31,True,False,False,False,False,False,False,False,True,0.0312,342.2,0.00535,False,True,False,False,False
1574,20.0,69049.27,5.0,3.3,187.0,1789.92,5493.66,False,False,False,True,False,False,False,True,False,0.0259,298.32,0.00532,True,False,False,False,False
1575,18.0,86178.47,7.0,3.3,338.0,2789.42,9934.67,True,False,False,False,False,False,False,False,True,0.0324,348.68,0.00295,True,False,False,False,False
1576,37.0,73999.77728891122,2.0,5.0,298.0,1860.4,5499.19,False,False,True,False,False,False,True,False,False,0.0251,620.13,0.00334,False,False,True,False,False
1577,66.0,52647.37,1.0,3.7,347.0,370.6500000000001,1727.39,False,True,False,False,False,False,False,False,True,0.007,185.33,0.00287,False,False,False,False,True
1578,45.0,80351.97,7.0,3.7,151.0,2931.48,9641.2,False,False,True,False,False,False,False,False,True,0.0365,366.44,0.00658,False,False,True,False,False
1579,64.0,67433.49,12.0,3.7,106.0,1598.93,5879.05,False,False,False,False,True,False,False,False,True,0.0237,122.99,0.00935,False,False,False,True,False
1580,23.0,65029.48,7.0,4.5,170.0,2178.81,7302.29,True,False,False,False,False,False,True,False,False,0.0335,272.35,0.00585,True,False,False,False,False
1581,22.0,98842.17790365338,11.0,4.0,224.0,2398.82,8840.65,False,False,True,False,False,False,False,False,True,0.0243,199.9,0.00444,True,False,False,False,False
1582,61.0,15000.0,2.0,3.7,134.0,804.44,1217.84,True,False,False,False,False,False,False,True,False,0.0536,268.15,0.00741,False,False,False,True,False
1583,23.0,33810.95,6.0,2.8,184.0,640.8299999999999,3042.34,False,False,True,False,False,False,True,False,False,0.019,91.55,0.00541,True,False,False,False,False
1584,20.0,38884.45,9.0,3.0,60.0,1387.99,5172.21,False,False,False,False,True,False,True,False,False,0.0357,138.8,0.01639,True,False,False,False,False
1585,39.0,57008.27,5.0,4.5,233.0,1238.89,4521.28,True,False,False,False,False,False,False,False,True,0.0217,206.48,0.00427,False,False,True,False,False
1586,66.0,59398.62,-8.881784197001252e-16,3.7,285.0,1819.57,5171.41,False,False,True,False,False,False,False,False,True,0.0306,1819.57,0.0035,False,False,False,False,True
1587,53.0,31838.84,1.0,4.1,210.0,852.2399999999999,2806.32,False,False,True,False,False,False,False,True,False,0.0268,426.12,0.00474,False,False,False,True,False
1588,23.0,45199.586298541595,13.0,2.9,349.0,1760.91,7855.41,False,False,False,False,True,False,False,False,True,0.039,125.78,0.00286,True,False,False,False,False
1589,61.0,41928.25339635706,9.0,4.0,398.0,415.5999999999999,1906.01,False,False,False,True,False,False,False,True,False,0.0099,41.56,0.00251,False,False,False,True,False
1590,61.0,119063.33,3.0000000000000004,5.0,362.0,2467.04,7534.51,False,False,False,False,True,False,False,False,True,0.0207,616.76,0.00275,False,False,False,True,False
1591,59.0,96617.2888422742,3.0000000000000004,3.8,37.0,2376.99,7972.15,False,False,False,False,True,False,False,True,False,0.0246,594.25,0.02632,False,False,False,True,False
1592,64.0,55941.51,-8.881784197001252e-16,5.0,352.0,1208.28,3964.86,True,False,False,False,False,False,False,False,True,0.0216,1208.28,0.00283,False,False,False,True,False
1593,30.0,57001.17,14.0,3.7,133.0,2084.49,8248.76,False,False,False,True,False,False,False,True,False,0.0366,138.97,0.00746,False,True,False,False,False
1595,34.0,23021.130000000005,11.0,3.7,164.0,919.94,4671.37,False,True,False,False,False,False,False,True,False,0.04,76.66,0.00606,False,True,False,False,False
1596,59.0,61202.75063333474,3.0000000000000004,3.7,113.0,1841.06,6581.69,False,False,True,False,False,False,False,False,True,0.0301,460.26,0.00877,False,False,False,True,False
1597,48.0,43047.26,5.0,3.0,350.0,149.47000000000003,1308.49,False,False,False,True,False,True,False,False,False,0.0035,24.91,0.00285,False,False,True,False,False
1598,58.0,59551.80297027427,4.0,3.0,255.0,1658.41,4583.03,False,False,True,False,False,False,False,True,False,0.0278,331.68,0.00391,False,False,False,True,False
1599,50.0,31348.38702605878,12.0,4.6,386.0,942.36,4202.4,False,False,False,True,False,False,False,False,True,0.0301,72.49,0.00258,False,False,True,False,False
1600,51.0,48236.56,-8.881784197001252e-16,4.8,381.0,599.8,2551.43,True,False,False,False,False,False,False,False,True,0.0124,599.8,0.00262,False,False,False,True,False
1601,50.0,68269.8,5.0,5.0,167.0,1700.01,6008.19,False,False,False,True,False,False,False,False,True,0.0249,283.33,0.00595,False,False,True,False,False
1602,58.0,73056.61,4.0,5.0,290.0,2112.11,6933.44,True,False,False,False,False,False,False,False,True,0.0289,422.42,0.00344,False,False,False,True,False
1603,56.0,74184.38,4.0,3.7,200.0,2059.35,6318.74,False,False,False,True,False,False,False,False,True,0.0278,411.87,0.00498,False,False,False,True,False
1604,24.0,35949.24,2.0,3.4,197.0,744.9399999999999,2222.8,False,False,True,False,False,False,True,False,False,0.0207,248.31,0.00505,True,False,False,False,False
1605,60.0,83803.09,13.0,4.9,295.0,2546.36,9010.05,False,False,False,True,False,False,False,True,False,0.0304,181.88,0.00338,False,False,False,True,False
1606,45.0,47395.34,5.0,4.3,275.0,1495.13,5541.36,False,False,False,False,True,False,False,False,True,0.0315,249.19,0.00362,False,False,True,False,False
1607,34.0,78922.87,6.0,2.8,364.0,1783.51,6820.59,True,False,False,False,False,False,False,True,False,0.0226,254.79,0.00274,False,True,False,False,False
1608,44.0,64765.95,5.0,2.8,309.0,1218.09,3637.89,False,False,False,True,False,False,False,False,True,0.0188,203.02,0.00323,False,False,True,False,False
1609,68.0,34719.479999999996,14.0,4.1,248.0,1000.3,5557.82,False,False,False,False,True,True,False,False,False,0.0288,66.69,0.00402,False,False,False,False,True
1610,62.0,58043.65,5.0,3.5,367.0,1696.01,5049.88,False,False,True,False,False,False,False,False,True,0.0292,282.67,0.00272,False,False,False,True,False
1611,61.0,73038.0,5.0,3.7,40.0,1643.9,5965.27,False,False,False,True,False,False,True,False,False,0.0225,273.98,0.02439,False,False,False,True,False
1612,42.0,78485.24,4.0,3.7,305.0,1311.23,4509.35,False,False,True,False,False,False,True,False,False,0.0167,262.25,0.00327,False,False,True,False,False
1613,58.0,59846.88535237844,4.0,4.4,156.0,724.0199999999999,4281.66,False,True,False,False,False,False,False,False,True,0.0121,144.8,0.00637,False,False,False,True,False
1614,38.0,98699.14,1.0,4.9,173.0,2346.72,6669.33,True,False,False,False,False,False,False,False,True,0.0238,1173.36,0.00575,False,False,True,False,False
1615,53.0,87165.24,9.0,2.0,312.0,1884.59,7076.02,True,False,False,False,False,False,False,False,True,0.0216,188.46,0.00319,False,False,False,True,False
1616,51.0,59353.61,-8.881784197001252e-16,3.9,109.0,1319.23,4376.89,False,False,False,True,False,False,True,False,False,0.0222,1319.23,0.00909,False,False,False,True,False
1619,21.0,108130.66,4.0,3.1,139.0,2304.56,7229.44,False,False,False,True,False,False,True,False,False,0.0213,460.91,0.00714,True,False,False,False,False
1620,25.0,37984.0,11.0,2.9,131.0,1131.4,4447.29,False,True,False,False,False,False,True,False,False,0.0298,94.28,0.00758,True,False,False,False,False
1621,40.0,44616.27,8.0,3.7,168.0,1364.22,4704.93,False,False,False,False,True,False,False,True,False,0.0306,151.58,0.00592,False,False,True,False,False
1622,42.0,97668.21,14.0,5.0,377.0,3009.03,10984.1725,False,False,False,True,False,False,False,True,False,0.0308,200.6,0.00265,False,False,True,False,False
1623,26.0,41717.82,5.0,5.0,41.0,502.5799999999999,1944.79,True,False,False,False,False,False,True,False,False,0.012,83.76,0.02381,False,True,False,False,False
1624,39.0,33639.80220910106,13.0,3.0,203.0,1466.0,6427.17,False,True,False,False,False,False,False,False,True,0.0436,104.71,0.0049,False,False,True,False,False
1625,49.0,54303.73,-8.881784197001252e-16,3.7,334.0,1498.68,4541.41,False,False,False,True,False,False,True,False,False,0.0276,1498.68,0.00299,False,False,True,False,False
1626,30.0,74244.99,7.0,4.2,188.0,1690.35,4900.74,True,False,False,False,False,False,False,False,True,0.0228,211.29,0.00529,False,True,False,False,False
1627,35.0,62747.27,11.0,3.7,226.0,1639.97,6792.73,False,True,False,False,False,False,False,False,True,0.0261,136.66,0.00441,False,True,False,False,False
1628,37.0,50687.6,7.0,4.1,139.0,1461.13,4078.89,False,False,True,False,False,False,True,False,False,0.0288,182.64,0.00714,False,False,True,False,False
1629,44.0,50997.461156485806,13.0,4.0,54.0,1661.27,7107.32,False,False,False,False,True,False,False,False,True,0.0326,118.66,0.01818,False,False,True,False,False
1630,37.0,50306.30788834722,4.0,5.0,255.0,1379.51,4136.31,False,False,True,False,False,False,False,False,True,0.0274,275.9,0.00391,False,False,True,False,False
1631,56.0,45650.79,-8.881784197001252e-16,4.7,367.0,1137.53,3307.03,True,False,False,False,False,False,False,False,True,0.0249,1137.53,0.00272,False,False,False,True,False
1632,35.0,115195.92,11.0,2.7,208.0,2351.13,7644.36,False,False,False,True,False,False,False,True,False,0.0204,195.93,0.00478,False,True,False,False,False
1633,40.0,71545.24,1.0,4.4,172.0,1867.01,5630.88,True,False,False,False,False,False,True,False,False,0.0261,933.5,0.00578,False,False,True,False,False
1634,37.0,84508.7,11.0,4.5,51.0,2596.89,9728.87,False,False,False,True,False,False,False,False,True,0.0307,216.41,0.01923,False,False,True,False,False
1635,27.0,54240.3,11.0,4.0,377.0,1599.24,5544.93,True,False,False,False,False,False,False,False,True,0.0295,133.27,0.00265,False,True,False,False,False
1636,53.0,60908.95,12.0,4.7,347.0,1100.52,4674.66,False,False,True,False,False,False,False,True,False,0.0181,84.66,0.00287,False,False,False,True,False
1637,30.0,49301.81,7.0,3.9,360.0,1220.14,4957.06,False,False,True,False,False,True,False,False,False,0.0247,152.52,0.00277,False,True,False,False,False
1638,33.0,15000.0,13.0,3.9,143.0,897.76,4728.09,False,False,False,True,False,False,False,False,True,0.0599,64.13,0.00694,False,True,False,False,False
1639,59.0,34683.8,2.0,3.8,250.0,315.8399999999999,58.532500000000255,True,False,False,False,False,True,False,False,False,0.0091,105.28,0.00398,False,False,False,True,False
1640,67.0,25166.39,6.0,1.9,173.0,599.27,4262.16,False,False,False,True,False,False,True,False,False,0.0238,85.61,0.00575,False,False,False,False,True
1641,52.0,15504.760000000002,1.0,3.6,93.0,49.99999999999977,852.89,False,False,True,False,False,False,False,False,True,0.0032,25.0,0.01064,False,False,False,True,False
1642,65.0,38702.09999999999,11.0,3.1,82.0,1456.96,6236.96,False,False,False,False,True,False,True,False,False,0.0376,121.41,0.01205,False,False,False,True,False
1643,62.0,94149.02,10.0,2.6,153.0,2349.36,8200.06,False,False,False,True,False,False,False,True,False,0.025,213.58,0.00649,False,False,False,True,False
1644,43.0,64022.4,12.0,5.0,221.0,1102.13,3711.27,False,False,False,True,False,False,False,True,False,0.0172,84.78,0.0045,False,False,True,False,False
1645,58.0,95028.30052357042,11.0,4.2,48.0,2448.43,9244.78,False,False,False,True,False,False,False,True,False,0.0258,204.04,0.02041,False,False,False,True,False
1646,35.0,74041.62,4.0,3.7,280.0,1618.23,4933.84,False,False,True,False,False,False,True,False,False,0.0219,323.65,0.00356,False,True,False,False,False
1647,41.0,82216.29,1.0,3.7,183.0,1890.89,6134.53,True,False,False,False,False,False,True,False,False,0.023,945.44,0.00543,False,False,True,False,False
1648,45.0,45180.27,13.0,4.0,352.0,1266.99,5394.24,False,False,False,True,False,False,True,False,False,0.028,90.5,0.00283,False,False,True,False,False
1649,67.0,76526.92,7.0,4.6,111.0,1489.95,5730.58,False,False,True,False,False,True,False,False,False,0.0195,186.24,0.00893,False,False,False,False,True
1650,62.0,78694.08863007356,1.0,3.0,20.0,1352.3,3721.07,False,True,False,False,False,False,False,True,False,0.0172,676.15,0.04762,False,False,False,True,False
1651,43.0,52313.76,13.0,3.7,124.0,1351.01,6542.17,False,False,False,False,True,False,True,False,False,0.0258,96.5,0.008,False,False,True,False,False
1652,51.0,77309.89,14.0,4.5,389.0,2113.73,7206.72,True,False,False,False,False,False,True,False,False,0.0273,140.92,0.00256,False,False,False,True,False
1653,28.0,74741.12041205622,6.0,2.0,128.0,1848.31,8091.79,False,False,False,False,True,False,False,False,True,0.0247,264.04,0.00775,False,True,False,False,False
1654,59.0,52909.84,11.0,3.6,281.0,1421.91,7524.23,False,True,False,False,False,False,False,False,True,0.0269,118.49,0.00355,False,False,False,True,False
1655,46.0,40299.09,-8.881784197001252e-16,3.3,337.0,636.6500000000001,3300.78,False,False,False,True,False,False,False,True,False,0.0158,636.65,0.00296,False,False,True,False,False
1656,45.0,38949.18,1.0,3.7,113.0,678.42,3255.92,True,False,False,False,False,False,True,False,False,0.0174,339.21,0.00877,False,False,True,False,False
1657,57.0,66903.12,4.0,3.2,257.0,2501.15,7454.27,True,False,False,False,False,False,False,False,True,0.0374,500.23,0.00388,False,False,False,True,False
1658,50.0,72143.87344240036,9.0,3.8,81.0,1495.59,6744.15,False,False,False,True,False,False,True,False,False,0.0207,149.56,0.0122,False,False,True,False,False
1659,21.0,47559.46455969416,2.0,5.0,144.0,808.1,2718.95,False,False,True,False,False,False,False,False,True,0.017,269.37,0.0069,True,False,False,False,False
1660,32.0,65584.88,-8.881784197001252e-16,3.4,118.0,2629.24,5986.13,False,False,True,False,False,False,False,False,True,0.0401,2629.24,0.0084,False,True,False,False,False
1661,27.0,75364.94040317791,10.0,4.0,268.0,2119.44,8776.68,True,False,False,False,False,False,False,True,False,0.0281,192.68,0.00372,False,True,False,False,False
1662,56.0,78600.2,11.0,5.0,350.0,1460.01,6989.09,False,False,False,False,True,False,False,False,True,0.0186,121.67,0.00285,False,False,False,True,False
1663,19.0,99141.36,11.0,3.2,100.0,2759.9,9516.09,False,False,False,False,True,False,True,False,False,0.0278,229.99,0.0099,True,False,False,False,False
1664,28.0,93093.58,11.0,5.0,116.0,1937.86,6445.44,False,False,False,True,False,False,False,False,True,0.0208,161.49,0.00855,False,True,False,False,False
1666,54.0,102985.2800683536,9.0,3.7,185.0,2316.39,6704.45,False,False,False,True,False,False,False,False,True,0.0225,231.64,0.00538,False,False,False,True,False
1667,44.0,53318.52,7.0,4.4,205.0,1170.45,5265.37,False,False,False,True,False,True,False,False,False,0.022,146.31,0.00485,False,False,True,False,False
1668,62.0,87987.2,12.0,4.0,282.0,2883.41,8605.75,False,True,False,False,False,False,False,True,False,0.0328,221.8,0.00353,False,False,False,True,False
1669,65.0,63378.514304166536,5.0,3.6,55.0,1756.47,6035.6,False,False,False,False,True,False,False,False,True,0.0277,292.74,0.01786,False,False,False,True,False
1670,24.0,55187.603836028255,1.0,3.1,348.0,1547.85,3904.0,False,True,False,False,False,False,False,False,True,0.028,773.92,0.00287,True,False,False,False,False
1671,67.0,28222.884128046353,11.0,3.8,146.0,1118.58,3557.39,False,False,False,False,True,False,False,False,True,0.0396,93.21,0.0068,False,False,False,False,True
1672,49.0,61225.58,4.0,4.5,263.0,1206.73,4419.76,False,True,False,False,False,False,False,True,False,0.0197,241.35,0.00379,False,False,True,False,False
1673,51.0,30693.57,14.0,3.7,172.0,1418.41,5685.92,False,False,False,True,False,False,True,False,False,0.0462,94.56,0.00578,False,False,False,True,False
1674,22.0,86280.58,6.0,3.4,301.0,2449.3,8556.61,False,False,True,False,False,False,False,True,False,0.0284,349.9,0.00331,True,False,False,False,False
1675,50.0,97439.30641055896,12.0,3.5,244.0,2501.28,8022.81,False,False,True,False,False,False,False,True,False,0.0257,192.41,0.00408,False,False,True,False,False
1676,55.0,47467.96,-8.881784197001252e-16,4.6,69.0,1670.02,4043.88,False,False,False,True,False,False,False,True,False,0.0352,1670.02,0.01429,False,False,False,True,False
1677,48.0,71643.36,9.0,3.7,75.0,2133.06,5488.97,False,False,False,True,False,False,False,True,False,0.0298,213.31,0.01316,False,False,True,False,False
1678,22.0,48443.08138314262,6.0,3.7,350.0,1305.62,2906.99,False,False,True,False,False,False,False,True,False,0.027,186.52,0.00285,True,False,False,False,False
1679,45.0,51173.34,6.0,3.1,207.0,1364.06,6260.44,False,True,False,False,False,False,False,True,False,0.0267,194.87,0.00481,False,False,True,False,False
1680,66.0,82038.88,3.0000000000000004,4.0,110.0,1815.67,7476.44,False,False,False,True,False,False,True,False,False,0.0221,453.92,0.00901,False,False,False,False,True
1681,55.0,64152.16,14.0,3.7,57.0,1342.55,6172.08,False,True,False,False,False,True,False,False,False,0.0209,89.5,0.01724,False,False,False,True,False
1682,25.0,103272.26,5.0,4.7,51.0,2229.42,6697.21,False,False,False,False,True,False,False,False,True,0.0216,371.57,0.01923,True,False,False,False,False
1683,67.0,54390.89,12.0,2.6,367.0,1656.29,6245.87,True,False,False,False,False,False,False,False,True,0.0305,127.41,0.00272,False,False,False,False,True
1685,26.0,67143.1,-8.881784197001252e-16,3.7,157.0,1477.93,3954.74,False,False,False,True,False,False,False,True,False,0.022,1477.93,0.00633,False,True,False,False,False
1686,59.0,82507.12,13.0,3.5,80.0,2178.67,8411.85,True,False,False,False,False,False,False,False,True,0.0264,155.62,0.01235,False,False,False,True,False
1687,39.0,54100.91315652394,2.0,5.0,167.0,1492.73,4573.25,False,False,True,False,False,True,False,False,False,0.0276,497.58,0.00595,False,False,True,False,False
1688,48.0,63909.71,4.0,2.4,54.0,1703.44,5042.65,False,True,False,False,False,False,False,True,False,0.0267,340.69,0.01818,False,False,True,False,False
1689,41.0,62459.02,12.0,2.2,219.0,1796.04,6493.74,False,False,False,True,False,False,False,True,False,0.0288,138.16,0.00455,False,False,True,False,False
1690,58.0,46606.74,13.0,3.0,250.0,905.25,4913.85,False,False,False,True,False,False,True,False,False,0.0194,64.66,0.00398,False,False,False,True,False
1691,69.0,79565.79,13.0,3.7,394.0,2827.6,9033.15,True,False,False,False,False,False,False,False,True,0.0355,201.97,0.00253,False,False,False,False,True
1692,59.0,81317.94379910332,6.0,4.3,127.0,1769.35,6477.81,True,False,False,False,False,False,True,False,False,0.0218,252.76,0.00781,False,False,False,True,False
1693,66.0,78058.2,11.0,4.1,79.0,1968.81,6975.34,False,False,False,True,False,False,False,False,True,0.0252,164.07,0.0125,False,False,False,False,True
1694,67.0,94587.51332171059,4.0,4.8,53.0,1999.26,6688.18,True,False,False,False,False,False,False,True,False,0.0211,399.85,0.01852,False,False,False,False,True
1695,22.0,95439.81287383653,11.0,2.1,150.0,2182.35,9181.9,False,False,True,False,False,True,False,False,False,0.0229,181.86,0.00662,True,False,False,False,False
1696,31.0,65188.91286670198,7.0,4.8,240.0,2032.65,6564.58,True,False,False,False,False,False,True,False,False,0.0312,254.08,0.00415,False,True,False,False,False
1697,55.0,73207.15,-8.881784197001252e-16,3.4,26.0,2018.56,6514.31,False,False,False,True,False,False,True,False,False,0.0276,2018.56,0.03704,False,False,False,True,False
1698,48.0,51552.3687740296,6.0,4.4,303.0,1443.37,3587.61,False,False,False,True,False,False,False,False,True,0.028,206.2,0.00329,False,False,True,False,False
1699,20.0,65513.82,7.0,3.7,184.0,1547.28,5197.05,False,False,True,False,False,False,True,False,False,0.0236,193.41,0.00541,True,False,False,False,False
1700,22.0,51948.049336092794,3.0000000000000004,3.7,317.0,1403.76,4499.61,False,False,False,True,False,False,False,True,False,0.027,350.94,0.00314,True,False,False,False,False
1701,45.0,96803.0493468007,5.0,3.9,185.0,2242.35,8900.96,False,False,False,True,False,False,False,True,False,0.0232,373.72,0.00538,False,False,True,False,False
1702,50.0,73001.36,7.0,4.7,62.0,1663.94,4371.9,False,False,False,True,False,False,False,False,True,0.0228,207.99,0.01587,False,False,True,False,False
1703,26.0,59141.688876603475,-8.881784197001252e-16,2.3,8.0,1339.31,3873.34,False,False,True,False,False,False,False,False,True,0.0226,1339.31,0.11111,False,True,False,False,False
1704,26.0,86124.00366793171,2.0,3.7,222.0,1728.73,6699.77,False,False,True,False,False,False,False,True,False,0.0201,576.24,0.00448,False,True,False,False,False
1705,24.0,17246.460000000006,11.0,2.7,215.0,885.83,3409.02,False,False,False,True,False,False,False,False,True,0.0514,73.82,0.00463,True,False,False,False,False
1706,47.0,20689.740000000005,5.0,4.2,325.0,695.4800000000001,2525.33,False,False,True,False,False,False,True,False,False,0.0336,115.91,0.00307,False,False,True,False,False
1707,18.0,82508.45,9.0,4.4,350.0,2251.34,8068.83,True,False,False,False,False,False,True,False,False,0.0273,225.13,0.00285,True,False,False,False,False
1708,47.0,66330.31,8.0,4.9,64.0,1398.95,5508.28,False,True,False,False,False,True,False,False,False,0.0211,155.44,0.01538,False,False,True,False,False
1709,42.0,70509.82,8.0,3.2,125.0,2014.25,8193.34,False,False,False,True,False,False,False,False,True,0.0286,223.81,0.00794,False,False,True,False,False
1710,42.0,37772.86655184277,6.0,4.5,83.0,593.8600000000001,3101.62,False,True,False,False,False,True,False,False,False,0.0157,84.84,0.0119,False,False,True,False,False
1711,53.0,64488.86,7.0,4.9,42.0,1340.75,6108.98,False,False,True,False,False,False,False,False,True,0.0208,167.59,0.02326,False,False,False,True,False
1712,45.0,107106.87447389057,12.0,2.2,0.0,2449.97,8727.69,False,False,True,False,False,False,False,True,False,0.0229,188.46,1.0,False,False,True,False,False
1713,55.0,83132.39,14.0,4.3,32.0,1793.83,6823.48,True,False,False,False,False,False,True,False,False,0.0216,119.59,0.0303,False,False,False,True,False
1714,57.0,73878.7110689123,3.0000000000000004,4.6,209.0,1900.94,5709.11,False,False,False,False,True,False,False,False,True,0.0257,475.24,0.00476,False,False,False,True,False
1715,65.0,55340.81,10.0,3.7,60.0,1119.2,3924.13,False,False,False,False,True,False,False,False,True,0.0202,101.75,0.01639,False,False,False,True,False
1716,59.0,56319.4,14.0,2.6,77.0,1406.82,6567.05,False,False,False,True,False,False,False,False,True,0.025,93.79,0.01282,False,False,False,True,False
1717,44.0,18157.649999999994,-8.881784197001252e-16,4.5,47.0,865.32,2036.17,False,False,False,True,False,False,False,True,False,0.0477,865.32,0.02083,False,False,True,False,False
1718,43.0,70668.09,11.0,3.7,289.0,1625.13,5882.07,False,False,False,True,False,False,True,False,False,0.023,135.43,0.00345,False,False,True,False,False
1719,30.0,80402.64803091717,7.0,3.5,254.0,1876.76,6976.83,False,False,False,True,False,False,False,False,True,0.0233,234.6,0.00392,False,True,False,False,False
1720,49.0,30336.369999999995,14.0,3.7,384.0,761.92,3393.19,False,False,False,True,False,False,False,False,True,0.0251,50.79,0.0026,False,False,True,False,False
1721,25.0,46370.87046998873,8.0,3.7,44.0,1662.16,6476.29,False,True,False,False,False,False,False,True,False,0.0358,184.68,0.02222,True,False,False,False,False
1722,66.0,39535.78,12.0,3.1,83.0,1609.41,5836.21,False,False,True,False,False,False,False,False,True,0.0407,123.8,0.0119,False,False,False,False,True
1723,61.0,43762.27,2.0,3.1,182.0,1250.82,4791.95,False,False,False,True,False,False,True,False,False,0.0286,416.94,0.00546,False,False,False,True,False
1725,58.0,19143.15,13.0,4.6,52.0,932.3,4977.71,True,False,False,False,False,False,True,False,False,0.0487,66.59,0.01887,False,False,False,True,False
1726,24.0,78388.88467463128,7.0,5.0,84.0,1640.53,6080.11,True,False,False,False,False,False,True,False,False,0.0209,205.07,0.01176,True,False,False,False,False
1727,55.0,84973.5338090522,8.0,2.3,168.0,1625.71,6675.24,False,False,False,False,True,False,False,True,False,0.0191,180.63,0.00592,False,False,False,True,False
1728,22.0,59475.74,2.0,4.0,7.0,1785.48,5446.41,False,False,True,False,False,False,True,False,False,0.03,595.16,0.125,True,False,False,False,False
1729,43.0,15000.0,3.0000000000000004,2.7,158.0,725.92,1084.08,False,False,True,False,False,False,False,False,True,0.0484,181.48,0.00629,False,False,True,False,False
1730,52.0,49742.86927653443,12.0,4.6,303.0,1064.25,5698.45,True,False,False,False,False,False,False,False,True,0.0214,81.87,0.00329,False,False,False,True,False
1731,55.0,92123.84,4.0,2.9,210.0,2018.41,6497.12,False,False,False,True,False,False,False,True,False,0.0219,403.68,0.00474,False,False,False,True,False
1732,39.0,15000.0,8.0,3.1,173.0,499.95000000000005,3231.49,False,False,True,False,False,False,False,False,True,0.0333,55.55,0.00575,False,False,True,False,False
1733,65.0,57354.48,4.0,3.2,195.0,855.8099999999998,3865.27,False,False,True,False,False,False,True,False,False,0.0149,171.16,0.0051,False,False,False,True,False
1734,58.0,39039.98000000001,3.0000000000000004,3.7,378.0,971.86,2651.41,False,False,False,True,False,False,False,True,False,0.0249,242.96,0.00264,False,False,False,True,False
1735,28.0,82700.55,2.0,4.0,208.0,1567.81,4314.69,False,False,True,False,False,True,False,False,False,0.019,522.6,0.00478,False,True,False,False,False
1736,52.0,50147.49,13.0,4.1,213.0,1141.94,5830.61,False,False,True,False,False,False,False,False,True,0.0228,81.57,0.00467,False,False,False,True,False
1737,55.0,73886.99,14.0,3.7,372.0,1446.09,6211.5,False,False,False,True,False,False,False,True,False,0.0196,96.41,0.00268,False,False,False,True,False
1738,35.0,77440.13,1.0,3.7,62.0,963.28,4081.74,False,False,False,True,False,False,True,False,False,0.0124,481.64,0.01587,False,True,False,False,False
1739,56.0,99872.91174284698,5.0,4.4,38.0,2159.37,7059.83,False,True,False,False,False,False,False,False,True,0.0216,359.9,0.02564,False,False,False,True,False
1740,64.0,60535.28,8.0,3.7,179.0,1496.67,6365.76,False,True,False,False,False,False,False,True,False,0.0247,166.3,0.00556,False,False,False,True,False
1741,60.0,71211.98318923113,5.0,4.7,127.0,1315.34,5109.72,False,False,True,False,False,False,False,True,False,0.0185,219.22,0.00781,False,False,False,True,False
1742,57.0,32328.78,10.0,3.1,81.0,1306.87,5320.84,True,False,False,False,False,True,False,False,False,0.0404,118.81,0.0122,False,False,False,True,False
1743,50.0,91189.1,3.0000000000000004,2.3,47.0,1917.56,5856.58,True,False,False,False,False,False,True,False,False,0.021,479.39,0.02083,False,False,True,False,False
1744,32.0,48268.81,-8.881784197001252e-16,3.7,351.0,1196.13,3658.96,True,False,False,False,False,False,False,False,True,0.0248,1196.13,0.00284,False,True,False,False,False
1745,59.0,52663.41,5.0,4.9,245.0,1180.1,5181.17,False,False,True,False,False,False,False,True,False,0.0224,196.68,0.00407,False,False,False,True,False
1746,36.0,64510.55,8.0,3.8,276.0,1295.36,5040.13,False,False,True,False,False,False,False,True,False,0.0201,143.93,0.00361,False,False,True,False,False
1747,45.0,34142.16523771366,2.0,3.5,47.0,737.98,2876.05,False,False,True,False,False,False,False,False,True,0.0216,245.99,0.02083,False,False,True,False,False
1748,34.0,70032.94,12.0,2.9,136.0,1375.59,5976.39,True,False,False,False,False,False,False,True,False,0.0196,105.81,0.0073,False,True,False,False,False
1749,34.0,86284.26,-8.881784197001252e-16,5.0,248.0,1941.46,5816.18,False,True,False,False,False,False,False,False,True,0.0225,1941.46,0.00402,False,True,False,False,False
1750,26.0,73503.4019063432,1.0,2.8,211.0,1094.03,4978.25,False,False,False,True,False,False,False,False,True,0.0149,547.02,0.00472,False,True,False,False,False
1751,67.0,30044.25,7.0,3.0,277.0,1248.18,5432.28,True,False,False,False,False,False,False,True,False,0.0415,156.02,0.0036,False,False,False,False,True
1752,25.0,62276.2,7.0,4.2,267.0,1390.14,5211.64,False,True,False,False,False,False,False,False,True,0.0223,173.77,0.00373,True,False,False,False,False
1753,22.0,81324.64,4.0,2.0,165.0,2211.51,7113.58,True,False,False,False,False,False,False,True,False,0.0272,442.3,0.00602,True,False,False,False,False
1754,66.0,24343.336253694986,3.0000000000000004,4.8,313.0,144.63999999999987,486.95,False,False,True,False,False,False,False,False,True,0.0059,36.16,0.00318,False,False,False,False,True
1755,46.0,41355.15000000001,1.0,4.3,103.0,596.0,1915.17,False,False,False,False,True,False,True,False,False,0.0144,298.0,0.00962,False,False,True,False,False
1756,40.0,84283.96,9.0,4.5,32.0,2198.05,7935.48,False,False,False,True,False,False,False,False,True,0.0261,219.8,0.0303,False,False,True,False,False
1757,56.0,70942.1,5.0,3.7,365.0,2087.04,7357.51,False,False,False,True,False,False,True,False,False,0.0294,347.84,0.00273,False,False,False,True,False
1758,37.0,74063.37,1.0,3.6,9.0,2187.91,6959.79,False,False,False,True,False,False,False,False,True,0.0295,1093.96,0.1,False,False,True,False,False
1759,24.0,105908.89,5.0,3.7,113.0,2334.72,6758.48,False,True,False,False,False,False,False,True,False,0.022,389.12,0.00877,True,False,False,False,False
1760,55.0,75308.16,14.0,3.7,45.0,2801.26,10637.82,False,False,False,True,False,False,False,False,True,0.0372,186.75,0.02174,False,False,False,True,False
1761,27.0,79473.54,3.0000000000000004,2.8,92.0,1593.6,5157.72,False,False,False,True,False,False,False,False,True,0.0201,398.4,0.01075,False,True,False,False,False
1762,46.0,120891.97625,13.0,4.1,157.0,3150.0225,10984.1725,False,False,True,False,False,False,False,True,False,0.0261,225.0,0.00633,False,False,True,False,False
1763,67.0,58250.539762141365,3.0000000000000004,4.4,51.0,949.05,4494.7,False,False,True,False,False,False,True,False,False,0.0163,237.26,0.01923,False,False,False,False,True
1764,66.0,44962.11278836723,2.0,5.0,186.0,1197.01,4937.61,False,False,True,False,False,True,False,False,False,0.0266,399.0,0.00535,False,False,False,False,True
1765,36.0,74411.52,3.0000000000000004,4.0,370.0,671.55,3083.99,True,False,False,False,False,False,False,False,True,0.009,167.89,0.0027,False,False,True,False,False
1766,58.0,74657.8,4.0,4.5,54.0,1204.52,4924.91,False,False,False,False,True,False,False,False,True,0.0161,240.9,0.01818,False,False,False,True,False
1767,49.0,53412.26,1.0,3.4,370.0,1294.92,4535.38,False,False,True,False,False,False,True,False,False,0.0242,647.46,0.0027,False,False,True,False,False
1768,42.0,42287.27,8.0,3.3,164.0,640.77,4341.42,False,False,False,True,False,False,False,True,False,0.0152,71.2,0.00606,False,False,True,False,False
1769,25.0,115816.58,5.0,4.1,236.0,2687.11,9208.4,False,False,True,False,False,False,False,False,True,0.0232,447.85,0.00422,True,False,False,False,False
1770,37.0,70410.19833077252,10.0,3.7,176.0,2206.39,6675.73,False,False,True,False,False,False,True,False,False,0.0313,200.58,0.00565,False,False,True,False,False
1771,51.0,48889.72,7.0,3.9,126.0,1057.27,5789.92,True,False,False,False,False,False,False,True,False,0.0216,132.16,0.00787,False,False,False,True,False
1772,69.0,85150.47,6.0,2.7,43.0,1555.43,6492.61,True,False,False,False,False,False,False,True,False,0.0183,222.2,0.02273,False,False,False,False,True
1773,18.0,62598.81,7.0,2.9,237.0,1342.3,4624.12,True,False,False,False,False,False,False,False,True,0.0214,167.79,0.0042,True,False,False,False,False
1774,55.0,59436.61,2.0,4.3,366.0,882.4099999999999,2276.69,False,False,False,True,False,False,False,True,False,0.0148,294.14,0.00272,False,False,False,True,False
1775,62.0,78132.93569138872,10.0,3.7,208.0,1906.91,7444.83,True,False,False,False,False,False,False,False,True,0.0244,173.36,0.00478,False,False,False,True,False
1776,67.0,36578.59,1.0,2.8,239.0,812.4100000000001,2324.2,False,False,True,False,False,False,True,False,False,0.0222,406.21,0.00417,False,False,False,False,True
1777,40.0,72757.8,10.0,4.3,257.0,1732.75,6823.45,False,False,True,False,False,False,False,False,True,0.0238,157.52,0.00388,False,False,True,False,False
1778,24.0,105829.81331781959,14.0,3.2,155.0,3150.0225,10984.1725,False,True,False,False,False,False,True,False,False,0.0298,210.0,0.00641,True,False,False,False,False
1779,32.0,75255.91,11.0,3.7,48.0,1657.36,6092.81,False,False,False,False,True,False,True,False,False,0.022,138.11,0.02041,False,True,False,False,False
1780,62.0,56723.33,6.0,5.0,202.0,1931.04,5401.95,False,True,False,False,False,False,True,False,False,0.034,275.86,0.00493,False,False,False,True,False
1781,63.0,53843.68,4.0,4.4,347.0,820.38,3498.04,False,True,False,False,False,False,False,False,True,0.0152,164.08,0.00287,False,False,False,True,False
1782,51.0,55972.52,13.0,4.4,125.0,1668.56,6254.41,True,False,False,False,False,False,False,False,True,0.0298,119.18,0.00794,False,False,False,True,False
1783,24.0,59412.82,3.0000000000000004,5.0,348.0,1781.5,5614.75,False,True,False,False,False,False,False,True,False,0.03,445.38,0.00287,True,False,False,False,False
1784,96.0,51862.26569724106,7.0,3.1,341.0,1866.31,5208.0,False,False,False,True,False,False,False,True,False,0.036,233.29,0.00292,False,False,False,False,True
1785,42.0,85158.85,11.0,3.7,97.0,1975.07,7237.52,False,False,True,False,False,True,False,False,False,0.0232,164.59,0.0102,False,False,True,False,False
1786,48.0,26869.4,13.0,3.1,230.0,1279.42,5989.21,False,False,True,False,False,False,False,False,True,0.0476,91.39,0.00433,False,False,True,False,False
1787,19.0,83964.0,13.0,3.7,299.0,2367.75,9193.76,False,False,True,False,False,False,True,False,False,0.0282,169.12,0.00333,True,False,False,False,False
1788,53.0,53709.894088836445,1.0,1.6,197.0,956.96,2478.18,False,False,True,False,False,False,False,False,True,0.0178,478.48,0.00505,False,False,False,True,False
1789,46.0,73292.85,13.0,3.5,279.0,2232.24,7328.92,False,False,False,True,False,False,False,False,True,0.0305,159.45,0.00357,False,False,True,False,False
1790,18.0,40206.27,1.0,3.7,364.0,1589.12,4537.47,True,False,False,False,False,False,False,False,True,0.0395,794.56,0.00274,True,False,False,False,False
1791,22.0,94229.88,8.0,4.4,250.0,2393.28,8574.33,False,False,False,False,True,False,True,False,False,0.0254,265.92,0.00398,True,False,False,False,False
1792,41.0,92403.97,13.0,4.0,335.0,2594.62,9684.73,True,False,False,False,False,False,False,False,True,0.0281,185.33,0.00298,False,False,True,False,False
1793,55.0,83344.513910888,9.0,3.2,320.0,2351.08,7679.08,False,False,True,False,False,False,False,False,True,0.0282,235.11,0.00312,False,False,False,True,False
1794,60.0,33718.216675936455,14.0,4.2,325.0,609.1199999999999,4177.81,True,False,False,False,False,False,True,False,False,0.0181,40.61,0.00307,False,False,False,True,False
1795,40.0,83240.66,5.0,4.4,340.0,2048.9,7906.54,False,False,False,True,False,False,False,True,False,0.0246,341.48,0.00293,False,False,True,False,False
1796,33.0,73906.81,4.0,3.7,90.0,1231.43,4581.76,False,False,True,False,False,False,False,False,True,0.0167,246.29,0.01099,False,True,False,False,False
1797,68.0,29684.03,4.0,3.3,7.0,517.73,884.65,False,False,False,True,False,False,False,False,True,0.0174,103.55,0.125,False,False,False,False,True
1798,41.0,64465.46,5.0,1.7,61.0,2354.09,7442.44,False,False,False,True,False,False,False,True,False,0.0365,392.35,0.01613,False,False,True,False,False
1799,34.0,73019.76,10.0,2.7,99.0,1759.09,8263.09,False,False,False,True,False,False,False,False,True,0.0241,159.92,0.01,False,True,False,False,False
1800,41.0,77233.66,6.0,3.7,276.0,1488.6,4363.92,False,False,False,False,True,False,False,False,True,0.0193,212.66,0.00361,False,False,True,False,False
1801,18.0,68899.75,11.0,3.8,203.0,2279.03,8060.35,False,False,False,False,True,False,False,True,False,0.0331,189.92,0.0049,True,False,False,False,False
1802,33.0,71407.09,6.0,2.8,187.0,1289.07,4655.68,False,False,False,True,False,False,False,False,True,0.0181,184.15,0.00532,False,True,False,False,False
1803,44.0,97419.45,4.0,3.7,3.0,1929.42,6474.45,False,False,True,False,False,False,False,True,False,0.0198,385.88,0.25,False,False,True,False,False
1804,65.0,93709.0156083694,2.0,2.6,273.0,2419.08,7422.83,False,False,False,False,True,False,False,False,True,0.0258,806.36,0.00365,False,False,False,True,False
1805,56.0,22650.274012721195,8.0,3.7,145.0,637.1100000000001,3854.75,True,False,False,False,False,False,False,False,True,0.0281,70.79,0.00685,False,False,False,True,False
1806,58.0,58016.35,13.0,4.1,304.0,1055.69,5237.22,False,False,False,True,False,False,False,False,True,0.0182,75.41,0.00328,False,False,False,True,False
1807,46.0,61377.68,12.0,3.7,45.0,1925.15,8248.46,True,False,False,False,False,False,False,False,True,0.0314,148.09,0.02174,False,False,True,False,False
1808,23.0,26453.83,3.0000000000000004,3.7,118.0,490.49,1846.64,False,False,False,True,False,False,False,False,True,0.0185,122.62,0.0084,True,False,False,False,False
1809,38.0,69511.94123863331,7.0,2.3,21.0,2237.38,7034.06,False,False,False,True,False,False,False,False,True,0.0322,279.67,0.04545,False,False,True,False,False
1810,69.0,92472.67,10.0,3.1,113.0,2006.98,6906.83,False,False,True,False,False,True,False,False,False,0.0217,182.45,0.00877,False,False,False,False,True
1811,20.0,41095.51,9.0,3.3,369.0,1602.4,4313.29,False,False,False,True,False,False,True,False,False,0.039,160.24,0.0027,True,False,False,False,False
1812,63.0,73415.20384635699,1.0,3.3,196.0,2198.3,6590.38,False,False,False,True,False,False,False,False,True,0.0299,1099.15,0.00508,False,False,False,True,False
1813,53.0,44851.88,8.0,3.8,175.0,876.66,5483.37,False,False,True,False,False,False,False,True,False,0.0195,97.41,0.00568,False,False,False,True,False
1814,32.0,50217.94,-8.881784197001252e-16,5.0,109.0,927.07,3186.44,False,False,True,False,False,False,False,True,False,0.0185,927.07,0.00909,False,True,False,False,False
1815,58.0,97502.66,1.0,4.4,105.0,2145.5,7038.17,False,True,False,False,False,False,True,False,False,0.022,1072.75,0.00943,False,False,False,True,False
1816,61.0,53063.73,9.0,2.8,266.0,3150.0225,4246.06,False,False,False,True,False,False,False,False,True,0.0594,315.0,0.00375,False,False,False,True,False
1817,20.0,75168.67,1.0,3.7,394.0,1651.49,4834.94,False,False,False,True,False,False,False,False,True,0.022,825.74,0.00253,True,False,False,False,False
1818,23.0,29366.526332895897,5.0,4.3,298.0,586.7,3242.8,False,False,False,True,False,False,False,False,True,0.02,97.78,0.00334,True,False,False,False,False
1819,52.0,105970.99,8.0,3.0,294.0,2341.39,9720.14,False,False,False,False,True,False,False,False,True,0.0221,260.15,0.00339,False,False,False,True,False
1820,69.0,78258.35,9.0,4.5,188.0,1944.74,8184.79,True,False,False,False,False,False,False,False,True,0.0249,194.47,0.00529,False,False,False,False,True
1821,19.0,60985.0,6.0,3.6,39.0,1488.21,5874.57,False,True,False,False,False,False,True,False,False,0.0244,212.6,0.025,True,False,False,False,False
1822,52.0,76722.91756937164,1.0,2.4,289.0,1658.79,5101.72,False,False,False,True,False,True,False,False,False,0.0216,829.4,0.00345,False,False,False,True,False
1823,25.0,33983.97,11.0,4.1,323.0,880.1500000000001,4357.99,False,False,True,False,False,False,False,False,True,0.0259,73.35,0.00309,True,False,False,False,False
1824,51.0,91015.68,14.0,3.9,204.0,2158.24,7802.95,False,False,False,True,False,False,False,True,False,0.0237,143.88,0.00488,False,False,False,True,False
1825,50.0,57872.33,13.0,3.5,36.0,1630.01,5445.21,False,False,False,True,False,False,False,False,True,0.0282,116.43,0.02703,False,False,True,False,False
1826,22.0,60700.196926831995,11.0,3.7,285.0,1632.31,5434.44,False,False,False,False,True,False,False,True,False,0.0269,136.03,0.0035,True,False,False,False,False
1827,53.0,54183.58,6.0,3.1,368.0,1148.13,4352.0,False,False,False,False,True,False,False,True,False,0.0212,164.02,0.00271,False,False,False,True,False
1828,64.0,53853.545363838195,13.0,4.2,89.0,1694.09,6473.89,False,False,False,True,False,False,False,False,True,0.0315,121.01,0.01111,False,False,False,True,False
1829,62.0,80282.75,7.0,3.7,63.0,1159.75,3576.65,False,True,False,False,False,False,True,False,False,0.0144,144.97,0.01562,False,False,False,True,False
1830,19.0,70629.95,2.0,3.8,295.0,1200.41,3977.47,True,False,False,False,False,True,False,False,False,0.017,400.14,0.00338,True,False,False,False,False
1831,30.0,77428.2048362534,12.0,4.0,132.0,1954.8,7225.64,False,False,False,True,False,False,False,True,False,0.0252,150.37,0.00752,False,True,False,False,False
1832,30.0,58724.74599920906,4.0,2.7,286.0,1113.68,3093.99,False,False,False,True,False,False,False,True,False,0.019,222.74,0.00348,False,True,False,False,False
1834,25.0,55785.33,5.0,1.7,106.0,1323.25,4359.22,False,False,False,False,True,False,False,False,True,0.0237,220.54,0.00935,True,False,False,False,False
1835,62.0,114054.1,13.0,4.2,16.0,2871.79,9776.71,False,False,False,True,False,False,False,False,True,0.0252,205.13,0.05882,False,False,False,True,False
1836,58.0,30505.53,8.0,2.6,222.0,736.82,4088.44,False,False,False,True,False,False,False,True,False,0.0242,81.87,0.00448,False,False,False,True,False
1837,60.0,94243.82215811245,7.0,3.8,163.0,2128.5,5776.33,True,False,False,False,False,False,False,False,True,0.0226,266.06,0.0061,False,False,False,True,False
1838,28.0,95093.96,4.0,4.0,342.0,1575.78,3901.75,False,False,True,False,False,False,True,False,False,0.0166,315.16,0.00292,False,True,False,False,False
1839,18.0,46252.51,12.0,4.2,143.0,1337.12,5607.95,False,False,True,False,False,False,False,True,False,0.0289,102.86,0.00694,True,False,False,False,False
1840,65.0,114044.02,-8.881784197001252e-16,2.6,99.0,1906.08,5982.54,True,False,False,False,False,False,False,True,False,0.0167,1906.08,0.01,False,False,False,True,False
1841,33.0,86900.79,7.0,3.7,344.0,1907.05,7010.01,False,False,True,False,False,False,False,False,True,0.0219,238.38,0.0029,False,True,False,False,False
1842,52.0,86365.06,5.0,5.0,294.0,903.3300000000002,3440.8,False,False,False,True,False,True,False,False,False,0.0105,150.56,0.00339,False,False,False,True,False
1843,65.0,62958.95291590056,8.0,5.0,247.0,1181.13,4074.65,False,False,False,True,False,False,False,False,True,0.0188,131.24,0.00403,False,False,False,True,False
1844,19.0,60221.02,3.0000000000000004,4.6,381.0,1909.99,5821.33,False,False,True,False,False,False,False,False,True,0.0317,477.5,0.00262,True,False,False,False,False
1845,18.0,62152.594427712014,9.0,4.0,313.0,1900.02,6350.72,False,False,True,False,False,False,False,False,True,0.0306,190.0,0.00318,True,False,False,False,False
1847,26.0,95826.1,2.0,4.3,319.0,2551.61,7377.9,False,True,False,False,False,True,False,False,False,0.0266,850.54,0.00312,False,True,False,False,False
1848,20.0,70731.23696380384,2.0,3.6,160.0,1728.97,5269.77,False,False,True,False,False,False,False,False,True,0.0244,576.32,0.00621,True,False,False,False,False
1849,60.0,44948.24,10.0,4.2,24.0,1117.82,6724.37,False,True,False,False,False,True,False,False,False,0.0249,101.62,0.04,False,False,False,True,False
1850,49.0,83137.4,3.0000000000000004,3.1,242.0,1367.85,4545.19,True,False,False,False,False,False,False,False,True,0.0165,341.96,0.00412,False,False,True,False,False
1851,68.0,85265.32,4.0,3.5,305.0,2324.0,7707.58,True,False,False,False,False,False,False,True,False,0.0273,464.8,0.00327,False,False,False,False,True
1852,59.0,79402.51,9.0,3.8,396.0,1973.88,7595.77,True,False,False,False,False,False,False,False,True,0.0249,197.39,0.00252,False,False,False,True,False
1853,68.0,81400.98,4.0,3.9,272.0,2785.63,8963.21,True,False,False,False,False,False,False,True,False,0.0342,557.13,0.00366,False,False,False,False,True
1854,30.0,59039.58,5.0,4.1,227.0,1234.75,4658.86,False,False,False,True,False,False,False,True,False,0.0209,205.79,0.00439,False,True,False,False,False
1855,32.0,44562.24,3.0000000000000004,3.2,230.0,1800.4,5551.7,False,False,False,True,False,False,False,True,False,0.0404,450.1,0.00433,False,True,False,False,False
1856,62.0,45899.74,5.0,3.7,46.0,1055.28,3927.46,False,False,False,True,False,False,False,False,True,0.023,175.88,0.02128,False,False,False,True,False
1857,30.0,29199.931949305428,10.0,5.0,2.0,1514.82,5116.45,False,False,False,True,False,False,True,False,False,0.0519,137.71,0.33333,False,True,False,False,False
1858,20.0,70212.87,8.0,5.0,18.0,2402.93,8169.87,False,False,True,False,False,True,False,False,False,0.0342,266.99,0.05263,True,False,False,False,False
1859,52.0,63149.78656446476,14.0,4.1,361.0,1414.1,7889.81,True,False,False,False,False,False,False,True,False,0.0224,94.27,0.00276,False,False,False,True,False
1860,59.0,55320.27,11.0,3.7,316.0,1352.41,6552.77,False,False,True,False,False,False,False,True,False,0.0244,112.7,0.00315,False,False,False,True,False
1861,68.0,15000.0,-8.881784197001252e-16,3.0,104.0,49.99999999999977,518.13,False,False,False,True,False,False,True,False,False,0.0033,50.0,0.00952,False,False,False,False,True
1862,96.0,46936.36337522764,5.0,4.2,169.0,459.20000000000005,2958.25,False,False,True,False,False,False,False,False,True,0.0098,76.53,0.00588,False,False,False,False,True
1863,24.0,93528.52737707959,4.0,4.9,193.0,2220.0,6351.24,False,False,True,False,False,False,True,False,False,0.0237,444.0,0.00515,True,False,False,False,False
1864,58.0,50378.23,8.0,3.7,98.0,1248.91,4617.65,True,False,False,False,False,False,False,False,True,0.0248,138.77,0.0101,False,False,False,True,False
1865,61.0,72933.02,3.0000000000000004,3.6,169.0,1599.61,5936.64,False,False,False,True,False,False,True,False,False,0.0219,399.9,0.00588,False,False,False,True,False
1866,54.0,31525.040383274216,14.0,3.9,139.0,1470.59,7310.26,False,False,False,True,False,False,False,False,True,0.0466,98.04,0.00714,False,False,False,True,False
1867,60.0,96741.13553732214,4.0,4.5,277.0,1350.08,4325.02,False,False,False,True,False,False,False,False,True,0.014,270.02,0.0036,False,False,False,True,False
1868,61.0,61831.39,7.0,3.4,302.0,2031.33,6359.77,False,False,False,True,False,False,False,True,False,0.0329,253.92,0.0033,False,False,False,True,False
1869,41.0,72531.78840658479,1.0,2.3,39.0,1327.98,5928.86,False,False,False,True,False,False,False,True,False,0.0183,663.99,0.025,False,False,True,False,False
1870,20.0,116167.16,13.0,4.3,186.0,3056.3,10829.43,False,False,False,True,False,False,True,False,False,0.0263,218.31,0.00535,True,False,False,False,False
1871,41.0,98361.68,13.0,4.7,396.0,2735.52,10984.1725,True,False,False,False,False,True,False,False,False,0.0278,195.39,0.00252,False,False,True,False,False
1872,28.0,58255.56,11.0,3.6,347.0,2153.43,7781.62,False,False,False,True,False,False,False,False,True,0.037,179.45,0.00287,False,True,False,False,False
1873,23.0,51949.16,5.0,4.1,317.0,1197.04,4459.04,False,False,False,True,False,False,False,False,True,0.023,199.51,0.00314,True,False,False,False,False
1874,24.0,55335.25639193027,-8.881784197001252e-16,3.3,293.0,307.30999999999995,1102.26,False,True,False,False,False,False,False,False,True,0.0056,307.31,0.0034,True,False,False,False,False
1875,54.0,76217.76,10.0,2.9,1.0,1947.21,7884.25,False,False,False,False,True,False,False,True,False,0.0255,177.02,0.5,False,False,False,True,False
1876,44.0,62685.07,6.0,4.6,389.0,1573.98,6548.02,False,False,False,True,False,False,False,True,False,0.0251,224.85,0.00256,False,False,True,False,False
1877,46.0,56304.63,14.0,4.0,294.0,1272.39,5016.02,False,False,False,True,False,False,True,False,False,0.0226,84.83,0.00339,False,False,True,False,False
1878,56.0,97277.99,10.0,4.1,355.0,2404.56,8202.22,False,False,True,False,False,False,True,False,False,0.0247,218.6,0.00281,False,False,False,True,False
1879,46.0,62487.38,8.0,5.0,363.0,1425.34,6120.29,False,True,False,False,False,False,False,False,True,0.0228,158.37,0.00275,False,False,True,False,False
1880,50.0,115590.96,14.0,3.7,101.0,2334.72,8989.07,False,False,False,True,False,False,False,True,False,0.0202,155.65,0.0098,False,False,True,False,False
1881,22.0,68934.59701223658,12.0,3.2,5.0,2088.52,7296.56,False,False,False,True,False,False,False,True,False,0.0303,160.66,0.16667,True,False,False,False,False
1882,62.0,58327.037842210884,6.0,3.8,263.0,3150.0225,8000.53,False,True,False,False,False,False,False,True,False,0.054,450.0,0.00379,False,False,False,True,False
1883,41.0,68152.32360071072,-8.881784197001252e-16,3.2,183.0,1294.67,4848.05,True,False,False,False,False,False,False,False,True,0.019,1294.67,0.00543,False,False,True,False,False
1884,26.0,85620.18014156273,1.0,3.7,8.0,1578.67,4598.81,False,False,True,False,False,False,False,False,True,0.0184,789.34,0.11111,False,True,False,False,False
1885,60.0,49058.56,6.0,3.7,108.0,1715.36,5848.88,False,False,True,False,False,False,False,True,False,0.035,245.05,0.00917,False,False,False,True,False
1886,56.0,46217.3,8.0,2.8,396.0,1227.98,3765.34,False,False,True,False,False,False,False,False,True,0.0266,136.44,0.00252,False,False,False,True,False
1887,20.0,75113.53,-8.881784197001252e-16,3.8,145.0,1533.91,3869.53,True,False,False,False,False,False,True,False,False,0.0204,1533.91,0.00685,True,False,False,False,False
1888,28.0,86748.17,1.0,3.9,104.0,1598.71,5113.59,False,False,True,False,False,False,False,False,True,0.0184,799.36,0.00952,False,True,False,False,False
1889,18.0,65885.64,10.0,3.7,261.0,1902.86,6941.13,False,True,False,False,False,False,False,True,False,0.0289,172.99,0.00382,True,False,False,False,False
1890,32.0,36699.35,11.0,4.1,265.0,1713.71,5527.77,False,True,False,False,False,False,False,True,False,0.0467,142.81,0.00376,False,True,False,False,False
1891,23.0,35074.32,-8.881784197001252e-16,4.1,132.0,960.63,2179.54,False,False,False,True,False,False,True,False,False,0.0274,960.63,0.00752,True,False,False,False,False
1892,54.0,33603.0,7.0,4.0,339.0,1226.81,3601.02,True,False,False,False,False,False,False,False,True,0.0365,153.35,0.00294,False,False,False,True,False
1893,45.0,31335.032333442367,1.0,3.5,232.0,804.74,2787.02,False,False,False,True,False,False,False,False,True,0.0257,402.37,0.00429,False,False,True,False,False
1894,68.0,67408.68,10.0,3.1,64.0,1196.08,3590.18,False,False,False,True,False,False,False,False,True,0.0177,108.73,0.01538,False,False,False,False,True
1895,56.0,89750.97,12.0,4.0,129.0,1924.57,6699.67,True,False,False,False,False,False,False,True,False,0.0214,148.04,0.00769,False,False,False,True,False
1896,49.0,64704.85,13.0,3.4,339.0,1732.1,5436.95,False,False,True,False,False,False,False,False,True,0.0268,123.72,0.00294,False,False,True,False,False
1898,20.0,60803.27,9.0,4.9,4.0,1150.25,3391.47,False,False,False,True,False,False,False,False,True,0.0189,115.02,0.2,True,False,False,False,False
1899,21.0,61418.42,13.0,4.3,262.0,999.5,5088.32,False,False,True,False,False,False,False,False,True,0.0163,71.39,0.0038,True,False,False,False,False
1900,50.0,111111.97,9.0,4.0,176.0,2043.63,8881.81,False,False,False,True,False,False,False,True,False,0.0184,204.36,0.00565,False,False,True,False,False
1901,18.0,32942.97,6.0,3.6,101.0,796.25,4558.8,True,False,False,False,False,False,True,False,False,0.0242,113.75,0.0098,True,False,False,False,False
1902,20.0,56405.09,11.0,2.6,188.0,1540.33,4620.15,False,False,False,False,True,False,True,False,False,0.0273,128.36,0.00529,True,False,False,False,False
1903,29.0,99117.73332395239,8.0,3.5,73.0,2053.35,7597.39,True,False,False,False,False,False,True,False,False,0.0207,228.15,0.01351,False,True,False,False,False
1904,63.0,74899.52,12.0,3.7,149.0,2009.56,6781.72,False,False,False,False,True,False,False,True,False,0.0268,154.58,0.00667,False,False,False,True,False
1906,54.0,67520.86,13.0,4.1,234.0,2306.65,8301.06,False,False,False,False,True,False,False,True,False,0.0342,164.76,0.00426,False,False,False,True,False
1907,39.0,72258.76,-8.881784197001252e-16,4.5,269.0,1380.52,5156.52,False,False,False,True,False,False,False,False,True,0.0191,1380.52,0.0037,False,False,True,False,False
1908,27.0,82107.41,-8.881784197001252e-16,3.1,365.0,1920.68,6102.5,False,False,True,False,False,False,False,True,False,0.0234,1920.68,0.00273,False,True,False,False,False
1909,37.0,47191.3,1.0,3.1,27.0,1065.11,2712.58,False,True,False,False,False,False,True,False,False,0.0226,532.55,0.03571,False,False,True,False,False
1910,22.0,84317.29,8.0,5.0,130.0,1445.52,6221.0,False,False,False,True,False,False,False,False,True,0.0171,160.61,0.00763,True,False,False,False,False
1911,58.0,34793.93,10.0,4.4,105.0,1059.62,2702.02,False,False,True,False,False,False,False,True,False,0.0305,96.33,0.00943,False,False,False,True,False
1912,27.0,72224.1,3.0000000000000004,3.7,231.0,1070.23,3245.46,False,False,True,False,False,False,False,True,False,0.0148,267.56,0.00431,False,True,False,False,False
1913,37.0,68932.3,2.0,3.6,213.0,3150.0225,3868.71,False,False,False,True,False,False,False,True,False,0.0457,1050.01,0.00467,False,False,True,False,False
1914,68.0,51441.55,12.0,3.6,350.0,1210.78,5404.02,False,False,False,True,False,False,False,False,True,0.0235,93.14,0.00285,False,False,False,False,True
1915,48.0,62071.30093465622,11.0,3.7,367.0,1882.8,6839.75,False,False,False,True,False,False,False,True,False,0.0303,156.9,0.00272,False,False,True,False,False
1916,41.0,51304.12,9.0,4.1,309.0,849.14,3872.71,False,False,False,False,True,False,True,False,False,0.0166,84.91,0.00323,False,False,True,False,False
1917,46.0,42750.55156234285,7.0,3.7,79.0,1114.33,4110.28,False,False,False,True,False,False,False,False,True,0.0261,139.29,0.0125,False,False,True,False,False
1918,58.0,57220.48,6.0,3.9,16.0,1613.38,5523.58,False,False,False,True,False,False,False,False,True,0.0282,230.48,0.05882,False,False,False,True,False
1919,31.0,40712.25,-8.881784197001252e-16,4.3,359.0,1177.28,3782.43,False,False,False,True,False,False,False,False,True,0.0289,1177.28,0.00278,False,True,False,False,False
1920,51.0,72101.54,2.0,2.2,377.0,1216.36,4181.38,False,False,False,False,True,False,False,False,True,0.0169,405.45,0.00265,False,False,False,True,False
1921,63.0,39698.12,13.0,3.3,100.0,1321.06,5422.15,False,False,True,False,False,True,False,False,False,0.0333,94.36,0.0099,False,False,False,True,False
1922,47.0,80663.49,5.0,4.8,18.0,1886.93,6595.36,False,False,True,False,False,False,False,True,False,0.0234,314.49,0.05263,False,False,True,False,False
1923,41.0,36325.3431916848,10.0,4.1,272.0,1799.0,7048.47,False,False,False,True,False,False,False,False,True,0.0495,163.55,0.00366,False,False,True,False,False
1924,25.0,56943.91454381601,10.0,1.0,235.0,858.3000000000001,3726.34,True,False,False,False,False,False,False,False,True,0.0151,78.03,0.00424,True,False,False,False,False
1925,30.0,51258.73,4.0,4.3,355.0,820.73,3116.89,False,False,False,False,True,True,False,False,False,0.016,164.15,0.00281,False,True,False,False,False
1926,67.0,91034.54272530197,3.0000000000000004,5.0,230.0,3124.85,10133.18,True,False,False,False,False,False,False,False,True,0.0343,781.21,0.00433,False,False,False,False,True
1927,46.0,72266.38,10.0,3.7,304.0,1736.09,5680.68,False,False,False,True,False,False,True,False,False,0.024,157.83,0.00328,False,False,True,False,False
1928,33.0,60341.86,1.0,5.0,314.0,490.44000000000005,3423.28,False,False,False,True,False,False,False,False,True,0.0081,245.22,0.00317,False,True,False,False,False
1929,39.0,77155.4444518376,7.0,1.2,3.0,1566.42,4654.44,False,False,False,True,False,False,False,False,True,0.0203,195.8,0.25,False,False,True,False,False
1930,48.0,18641.770000000004,13.0,4.5,59.0,49.99999999999977,1985.13,False,False,True,False,False,False,False,True,False,0.0027,3.57,0.01667,False,False,True,False,False
1931,45.0,64051.06,10.0,3.7,312.0,1777.39,5823.83,False,False,True,False,False,False,False,False,True,0.0277,161.58,0.00319,False,False,True,False,False
1932,54.0,108945.31,11.0,1.6,71.0,2942.82,10984.1725,False,False,False,True,False,False,False,True,False,0.027,245.24,0.01389,False,False,False,True,False
1933,31.0,67911.62,1.0,4.1,82.0,3150.0225,3010.36,False,False,False,True,False,False,False,False,True,0.0464,1575.01,0.01205,False,True,False,False,False
1934,51.0,62698.64147363045,2.0,4.7,300.0,1221.59,3618.24,False,False,False,True,False,False,True,False,False,0.0195,407.2,0.00332,False,False,False,True,False
1935,41.0,77058.82,4.0,4.0,81.0,2070.64,6250.59,True,False,False,False,False,False,True,False,False,0.0269,414.13,0.0122,False,False,True,False,False
1936,66.0,81840.02837416648,4.0,4.2,59.0,1153.98,4408.47,False,False,False,True,False,False,True,False,False,0.0141,230.8,0.01667,False,False,False,False,True
1937,26.0,21055.729999999996,2.0,3.3,5.0,49.99999999999977,372.8,True,False,False,False,False,False,False,False,True,0.0024,16.67,0.16667,False,True,False,False,False
1938,25.0,27988.82,14.0,2.0,187.0,1028.53,4844.9,True,False,False,False,False,False,True,False,False,0.0367,68.57,0.00532,True,False,False,False,False
1939,42.0,70178.0688585591,2.0,4.3,254.0,1171.59,1101.87,False,False,False,True,False,True,False,False,False,0.0167,390.53,0.00392,False,False,True,False,False
1940,44.0,49272.72,10.0,5.0,292.0,1267.91,5208.23,False,False,False,True,False,False,False,False,True,0.0257,115.26,0.00341,False,False,True,False,False
1941,53.0,93864.56,8.0,4.7,362.0,1691.79,6382.37,True,False,False,False,False,False,False,False,True,0.018,187.98,0.00275,False,False,False,True,False
1942,39.0,61235.27324491854,9.0,1.9,260.0,1607.05,6779.14,True,False,False,False,False,False,True,False,False,0.0262,160.7,0.00383,False,False,True,False,False
1943,65.0,22440.32,3.0000000000000004,2.3,302.0,509.1100000000001,2994.43,False,False,False,True,False,False,False,False,True,0.0227,127.28,0.0033,False,False,False,True,False
1944,42.0,37310.26179667415,4.0,2.9,84.0,1121.75,3625.25,False,False,False,True,False,False,False,True,False,0.0301,224.35,0.01176,False,False,True,False,False
1945,24.0,15000.0,9.0,2.3,136.0,740.16,4003.38,True,False,False,False,False,False,True,False,False,0.0493,74.02,0.0073,True,False,False,False,False
1946,24.0,58321.13372854198,4.0,3.7,121.0,1439.66,3916.39,True,False,False,False,False,False,False,False,True,0.0247,287.93,0.0082,True,False,False,False,False
1948,24.0,55661.82,-8.881784197001252e-16,2.4,387.0,1310.27,3374.31,False,False,False,True,False,False,False,True,False,0.0235,1310.27,0.00258,True,False,False,False,False
1949,67.0,88735.34,1.0,4.4,96.0,1682.36,4295.5,False,False,False,False,True,False,False,False,True,0.019,841.18,0.01031,False,False,False,False,True
1950,32.0,91367.44,10.0,4.2,179.0,2160.71,7666.98,False,False,True,False,False,False,True,False,False,0.0236,196.43,0.00556,False,True,False,False,False
1951,22.0,61251.45,9.0,3.2,142.0,2004.33,8093.72,False,False,False,False,True,False,False,False,True,0.0327,200.43,0.00699,True,False,False,False,False
1952,33.0,18036.740000000005,-8.881784197001252e-16,3.5,17.0,72.96000000000004,507.57,False,False,True,False,False,False,False,False,True,0.004,72.96,0.05556,False,True,False,False,False
1954,40.0,77217.93,-8.881784197001252e-16,3.4,87.0,2122.15,5478.57,False,False,False,True,False,False,False,False,True,0.0275,2122.15,0.01136,False,False,True,False,False
1955,58.0,71806.61,14.0,3.7,40.0,2297.25,9399.47,False,False,True,False,False,False,True,False,False,0.032,153.15,0.02439,False,False,False,True,False
1956,49.0,86592.55,10.0,3.9,136.0,1739.6,6193.2,False,True,False,False,False,False,False,False,True,0.0201,158.15,0.0073,False,False,True,False,False
1957,38.0,39373.78,14.0,4.0,57.0,472.96000000000004,3856.4,False,False,False,True,False,False,False,True,False,0.012,31.53,0.01724,False,False,True,False,False
1958,51.0,109192.62,14.0,3.9,399.0,3150.0225,10984.1725,False,True,False,False,False,False,False,False,True,0.0288,210.0,0.0025,False,False,False,True,False
1959,68.0,43892.59,4.0,3.5,75.0,1082.41,4274.14,False,False,False,True,False,False,False,True,False,0.0247,216.48,0.01316,False,False,False,False,True
1960,39.0,81482.9,11.0,3.7,121.0,1771.58,7094.37,False,False,False,False,True,False,True,False,False,0.0217,147.63,0.0082,False,False,True,False,False
1961,25.0,30775.826909289848,3.0000000000000004,4.6,108.0,1146.99,3004.91,False,True,False,False,False,False,True,False,False,0.0373,286.75,0.00917,True,False,False,False,False
1962,39.0,44534.18,7.0,3.6,10.0,826.06,4264.74,True,False,False,False,False,True,False,False,False,0.0185,103.26,0.09091,False,False,True,False,False
1963,61.0,98360.11,3.0000000000000004,4.0,5.0,1917.54,7612.78,False,False,True,False,False,False,False,True,False,0.0195,479.38,0.16667,False,False,False,True,False
1964,29.0,59260.2,7.0,3.5,205.0,1675.16,5363.46,True,False,False,False,False,False,True,False,False,0.0283,209.4,0.00485,False,True,False,False,False
1965,67.0,83478.3,13.0,3.7,93.0,1744.12,5676.9,False,False,False,True,False,False,False,True,False,0.0209,124.58,0.01064,False,False,False,False,True
1966,48.0,70213.02,6.0,4.2,33.0,1600.47,6002.76,False,True,False,False,False,True,False,False,False,0.0228,228.64,0.02941,False,False,True,False,False
1967,49.0,62690.92,1.0,3.2,116.0,1729.47,4835.64,False,False,False,True,False,False,False,True,False,0.0276,864.74,0.00855,False,False,True,False,False
1968,34.0,95004.71,4.0,4.0,109.0,2144.54,6806.51,False,False,False,True,False,False,True,False,False,0.0226,428.91,0.00909,False,True,False,False,False
1969,65.0,59793.51,11.0,3.7,169.0,2134.84,8029.98,False,False,True,False,False,False,False,False,True,0.0357,177.9,0.00588,False,False,False,True,False
1970,19.0,25823.759999999995,7.0,3.4,396.0,1249.92,4067.92,True,False,False,False,False,False,False,True,False,0.0484,156.24,0.00252,True,False,False,False,False
1971,33.0,47328.72,8.0,3.7,122.0,1269.67,4632.38,False,True,False,False,False,False,True,False,False,0.0268,141.07,0.00813,False,True,False,False,False
1972,39.0,77126.22,6.0,3.7,281.0,847.8300000000002,3710.74,False,False,True,False,False,False,False,False,True,0.011,121.12,0.00355,False,False,True,False,False
1973,42.0,73701.2,4.0,2.2,307.0,1191.72,5492.12,True,False,False,False,False,False,False,False,True,0.0162,238.34,0.00325,False,False,True,False,False
1974,42.0,30524.72,8.0,4.0,20.0,1235.83,4618.88,False,True,False,False,False,True,False,False,False,0.0405,137.31,0.04762,False,False,True,False,False
1975,25.0,55329.10122175615,9.0,3.9,200.0,721.19,2655.08,False,False,True,False,False,False,False,True,False,0.013,72.12,0.00498,True,False,False,False,False
1976,29.0,53651.608172392596,13.0,4.5,179.0,1433.37,5098.74,False,False,True,False,False,False,False,False,True,0.0267,102.38,0.00556,False,True,False,False,False
1977,22.0,56959.67,9.0,3.2,203.0,1634.59,6117.46,True,False,False,False,False,False,False,False,True,0.0287,163.46,0.0049,True,False,False,False,False
1978,47.0,34729.90000000001,14.0,5.0,68.0,1842.43,6149.83,True,False,False,False,False,False,False,False,True,0.0531,122.83,0.01449,False,False,True,False,False
1979,36.0,49643.43091589006,12.0,3.4,186.0,1273.51,4245.69,False,False,True,False,False,False,False,True,False,0.0257,97.96,0.00535,False,False,True,False,False
1980,47.0,48478.26150227546,1.0,2.9,49.0,762.02,3053.18,False,False,False,False,True,True,False,False,False,0.0157,381.01,0.02,False,False,True,False,False
1981,48.0,81973.73,5.0,2.8,378.0,1818.5,6663.59,False,False,False,True,False,True,False,False,False,0.0222,303.08,0.00264,False,False,True,False,False
1982,54.0,82800.67,5.0,3.7,234.0,1996.38,6274.45,False,True,False,False,False,False,False,True,False,0.0241,332.73,0.00426,False,False,False,True,False
1983,46.0,61792.17,-8.881784197001252e-16,5.0,13.0,1174.14,3788.2,False,False,False,False,True,False,False,True,False,0.019,1174.14,0.07143,False,False,True,False,False
1984,51.0,56375.12,2.0,4.9,202.0,1627.21,5082.27,False,False,False,False,True,False,False,False,True,0.0289,542.4,0.00493,False,False,False,True,False
1985,48.0,68078.33,11.0,4.2,370.0,1481.91,6517.49,False,False,False,True,False,False,True,False,False,0.0218,123.49,0.0027,False,False,True,False,False
1986,51.0,47035.35,5.0,2.9,297.0,1188.77,4676.08,False,False,False,True,False,False,False,False,True,0.0253,198.13,0.00336,False,False,False,True,False
1987,50.0,39769.69,2.0,5.0,109.0,1053.48,1246.77,False,False,False,True,False,False,False,False,True,0.0265,351.16,0.00909,False,False,True,False,False
1988,34.0,44315.13,4.0,3.4,356.0,886.2099999999999,3066.28,False,False,True,False,False,True,False,False,False,0.02,177.24,0.0028,False,True,False,False,False
1989,30.0,51034.11,4.0,3.5,74.0,1516.57,5316.09,True,False,False,False,False,False,True,False,False,0.0297,303.31,0.01333,False,True,False,False,False
1990,58.0,39403.58,2.0,5.0,98.0,927.66,2684.82,False,False,True,False,False,False,False,False,True,0.0235,309.22,0.0101,False,False,False,True,False
1991,35.0,68565.31,1.0,4.3,61.0,1726.84,5181.72,False,False,False,True,False,False,False,True,False,0.0252,863.42,0.01613,False,True,False,False,False
1992,46.0,81053.74,11.0,5.0,369.0,2138.72,8407.9,False,False,True,False,False,False,False,True,False,0.0264,178.23,0.0027,False,False,True,False,False
1993,28.0,30083.839999999997,12.0,3.9,286.0,1232.24,5246.18,False,False,False,True,False,False,False,False,True,0.041,94.79,0.00348,False,True,False,False,False
1994,40.0,66498.25174127455,7.0,3.3,207.0,1338.1,6257.11,False,False,True,False,False,False,False,False,True,0.0201,167.26,0.00481,False,False,True,False,False
1995,45.0,59926.42298722539,9.0,3.1,267.0,1310.92,6130.5,True,False,False,False,False,False,False,False,True,0.0219,131.09,0.00373,False,False,True,False,False
1996,50.0,72513.19,13.0,2.0,103.0,2460.02,8730.33,False,False,False,False,True,False,False,True,False,0.0339,175.72,0.00962,False,False,True,False,False
1997,45.0,63608.672343562415,12.0,3.4,28.0,2028.51,7359.99,False,False,True,False,False,False,False,True,False,0.0319,156.04,0.03448,False,False,True,False,False
1998,36.0,36367.56325545133,-8.881784197001252e-16,4.7,338.0,251.23000000000002,58.532500000000255,False,False,False,False,True,False,False,True,False,0.0069,251.23,0.00295,False,False,True,False,False
1999,68.0,37227.44,14.0,4.2,385.0,1376.89,5653.3,False,False,False,False,True,False,False,False,True,0.037,91.79,0.00259,False,False,False,False,True
2000,44.0,57986.0477270454,1.0,3.7,14.0,403.44000000000005,732.46,False,False,False,True,False,True,False,False,False,0.007,201.72,0.06667,False,False,True,False,False
2001,60.0,87633.18,-8.881784197001252e-16,2.8,20.0,1523.09,4861.04,True,False,False,False,False,False,False,True,False,0.0174,1523.09,0.04762,False,False,False,True,False
2002,56.0,16287.87999999999,6.0,3.9,223.0,950.17,3560.6,False,False,False,True,False,False,True,False,False,0.0583,135.74,0.00446,False,False,False,True,False
2003,47.0,72605.98,11.0,4.6,17.0,1842.06,7537.89,False,False,True,False,False,False,False,False,True,0.0254,153.5,0.05556,False,False,True,False,False
2004,64.0,91171.68,1.0,4.1,288.0,1910.6,6955.55,False,False,False,True,False,False,False,True,False,0.021,955.3,0.00346,False,False,False,True,False
2005,24.0,61633.43,4.0,3.9,378.0,186.1199999999999,1660.62,False,False,True,False,False,False,True,False,False,0.003,37.22,0.00264,True,False,False,False,False
2006,65.0,77104.45,3.0000000000000004,3.0,111.0,1505.19,6808.35,False,False,False,False,True,False,False,False,True,0.0195,376.3,0.00893,False,False,False,True,False
2007,62.0,49532.48,5.0,4.5,117.0,1325.96,4746.19,False,True,False,False,False,False,False,False,True,0.0268,220.99,0.00847,False,False,False,True,False
2008,44.0,62373.94,14.0,1.0,345.0,1993.59,6659.54,False,False,False,False,True,False,False,False,True,0.032,132.91,0.00289,False,False,True,False,False
2009,56.0,29339.9,4.0,4.0,142.0,1131.74,3273.09,True,False,False,False,False,False,False,False,True,0.0386,226.35,0.00699,False,False,False,True,False
2011,31.0,85740.85,1.0,2.3,33.0,1688.55,5702.49,False,True,False,False,False,False,False,False,True,0.0197,844.28,0.02941,False,True,False,False,False
2012,59.0,43330.11,2.0,3.7,335.0,413.76,1009.9,False,False,True,False,False,False,False,False,True,0.0095,137.92,0.00298,False,False,False,True,False
2013,30.0,54978.39,1.0,3.7,370.0,1057.76,3105.8,False,False,True,False,False,False,False,True,False,0.0192,528.88,0.0027,False,True,False,False,False
2014,34.0,34498.27,8.0,3.3,31.0,505.3399999999999,2679.5,True,False,False,False,False,False,False,False,True,0.0146,56.15,0.03125,False,True,False,False,False
2015,45.0,33980.67,6.0,4.6,321.0,180.47000000000003,1332.49,False,False,False,True,False,False,False,False,True,0.0053,25.78,0.00311,False,False,True,False,False
2016,61.0,61175.57,7.0,4.1,63.0,1069.44,4984.49,False,False,False,True,False,False,False,True,False,0.0175,133.68,0.01562,False,False,False,True,False
2017,37.0,48949.3,12.0,3.8,55.0,2062.46,7958.7,False,False,True,False,False,False,False,False,True,0.0421,158.65,0.01786,False,False,True,False,False
2018,96.0,73315.36,8.0,4.4,152.0,1678.08,7061.61,True,False,False,False,False,False,False,False,True,0.0229,186.45,0.00654,False,False,False,False,True
2019,20.0,74955.85,2.0,3.7,174.0,1667.07,4952.41,False,False,False,True,False,False,False,False,True,0.0222,555.69,0.00571,True,False,False,False,False
2020,24.0,72058.69,5.0,5.0,341.0,1435.78,6022.06,False,False,True,False,False,False,False,False,True,0.0199,239.3,0.00292,True,False,False,False,False
2021,20.0,70249.22,4.0,3.8,279.0,848.7600000000001,2333.19,False,False,True,False,False,False,False,True,False,0.0121,169.75,0.00357,True,False,False,False,False
2022,21.0,99710.9,12.0,3.9,57.0,2848.66,8808.05,False,False,False,True,False,False,False,False,True,0.0286,219.13,0.01724,True,False,False,False,False
2023,63.0,41512.94,4.0,2.2,233.0,121.38000000000011,347.54,False,False,False,False,True,False,False,False,True,0.0029,24.28,0.00427,False,False,False,True,False
2024,61.0,63791.43,2.0,3.2,350.0,1133.91,3780.06,False,False,False,True,False,True,False,False,False,0.0178,377.97,0.00285,False,False,False,True,False
2025,60.0,93753.20115113276,11.0,4.7,264.0,2216.54,9052.44,True,False,False,False,False,True,False,False,False,0.0236,184.71,0.00377,False,False,False,True,False
2026,20.0,92819.88,6.0,2.5,91.0,2188.59,6817.96,False,False,False,False,True,False,False,False,True,0.0236,312.66,0.01087,True,False,False,False,False
2028,32.0,58128.18,10.0,3.7,181.0,827.38,3976.92,False,False,False,False,True,False,False,True,False,0.0142,75.22,0.00549,False,True,False,False,False
2029,47.0,94878.66,3.0000000000000004,4.9,188.0,1697.14,6099.9,True,False,False,False,False,False,True,False,False,0.0179,424.28,0.00529,False,False,True,False,False
2030,35.0,76177.74,13.0,3.7,141.0,1744.05,6689.8,True,False,False,False,False,False,True,False,False,0.0229,124.58,0.00704,False,True,False,False,False
2031,43.0,69295.79,12.0,3.4,43.0,1556.68,5957.92,False,False,True,False,False,False,False,False,True,0.0225,119.74,0.02273,False,False,True,False,False
2032,26.0,60210.94,5.0,2.0,47.0,1792.24,4756.39,False,False,True,False,False,False,False,False,True,0.0298,298.71,0.02083,False,True,False,False,False
2033,56.0,56556.38,8.0,4.1,211.0,965.69,3722.41,False,True,False,False,False,False,False,True,False,0.0171,107.3,0.00472,False,False,False,True,False
2034,34.0,71340.82,8.0,4.3,377.0,1867.21,7523.4,False,False,False,False,True,False,True,False,False,0.0262,207.47,0.00265,False,True,False,False,False
2035,21.0,59447.77,9.0,3.7,239.0,3150.0225,6047.89,False,True,False,False,False,False,True,False,False,0.053,315.0,0.00417,True,False,False,False,False
2036,56.0,64934.00511133458,1.0,4.7,175.0,1705.45,4462.37,False,False,False,True,False,False,False,False,True,0.0263,852.72,0.00568,False,False,False,True,False
2037,64.0,66729.17,4.0,4.4,372.0,1441.33,5859.53,False,False,True,False,False,False,False,True,False,0.0216,288.27,0.00268,False,False,False,True,False
2038,18.0,50082.43,2.0,4.7,276.0,1398.1,3827.9,False,False,False,False,True,False,False,False,True,0.0279,466.03,0.00361,True,False,False,False,False
2039,40.0,76706.85,10.0,4.2,287.0,1865.25,8066.16,False,False,False,True,False,False,False,True,False,0.0243,169.57,0.00347,False,False,True,False,False
2040,61.0,120891.97625,1.0,4.3,230.0,2796.02,9554.07,False,False,False,False,True,True,False,False,False,0.0231,1398.01,0.00433,False,False,False,True,False
2041,54.0,25906.29,7.0,4.2,305.0,196.95000000000005,1846.25,False,False,True,False,False,False,False,True,False,0.0076,24.62,0.00327,False,False,False,True,False
2042,62.0,72128.28,10.0,4.5,200.0,787.2500000000001,2990.57,False,False,False,True,False,False,False,False,True,0.0109,71.57,0.00498,False,False,False,True,False
2043,39.0,55170.596234817,14.0,2.1,248.0,1676.54,8605.71,False,False,False,False,True,False,False,True,False,0.0304,111.77,0.00402,False,False,True,False,False
2044,37.0,77702.86,4.0,2.3,246.0,1886.53,6403.17,False,False,False,False,True,False,False,True,False,0.0243,377.31,0.00405,False,False,True,False,False
2045,54.0,66024.26,-8.881784197001252e-16,3.0,301.0,1510.69,4177.86,False,False,False,True,False,False,True,False,False,0.0229,1510.69,0.00331,False,False,False,True,False
2046,25.0,85424.90182833136,10.0,3.6,359.0,1825.24,7645.61,False,False,False,True,False,False,False,False,True,0.0214,165.93,0.00278,True,False,False,False,False
2047,30.0,90861.14,-8.881784197001252e-16,4.0,117.0,2413.11,7503.23,False,False,False,True,False,False,True,False,False,0.0266,2413.11,0.00847,False,True,False,False,False
2048,49.0,67958.82030932615,-8.881784197001252e-16,3.7,279.0,1200.71,4742.86,False,True,False,False,False,False,False,False,True,0.0177,1200.71,0.00357,False,False,True,False,False
2049,52.0,89905.15,14.0,4.7,12.0,2526.45,8785.3,False,False,False,True,False,False,False,False,True,0.0281,168.43,0.07692,False,False,False,True,False
2050,24.0,19426.401504324887,12.0,4.7,212.0,1017.85,4749.4,False,False,False,True,False,False,False,False,True,0.0524,78.3,0.00469,True,False,False,False,False
2051,44.0,99989.95,10.0,2.9,359.0,3087.3,9269.45,True,False,False,False,False,False,False,False,True,0.0309,280.66,0.00278,False,False,True,False,False
2052,36.0,73251.37,12.0,3.9,258.0,1818.22,7611.13,False,False,False,True,False,False,False,False,True,0.0248,139.86,0.00386,False,False,True,False,False
2053,44.0,88253.69973131707,1.0,2.9,107.0,1552.97,4901.19,True,False,False,False,False,False,False,True,False,0.0176,776.48,0.00926,False,False,True,False,False
2054,67.0,37417.02060697864,1.0,3.5,242.0,204.0,1266.43,False,False,False,True,False,False,False,False,True,0.0055,102.0,0.00412,False,False,False,False,True
2056,69.0,68210.64,-8.881784197001252e-16,3.7,173.0,1532.78,4313.27,False,True,False,False,False,False,False,False,True,0.0225,1532.78,0.00575,False,False,False,False,True
2057,41.0,64625.17,13.0,5.0,91.0,1993.73,6885.99,False,True,False,False,False,False,False,False,True,0.0309,142.41,0.01087,False,False,True,False,False
2059,40.0,88859.33,8.0,3.2,79.0,2227.2,8848.36,False,False,False,True,False,True,False,False,False,0.0251,247.47,0.0125,False,False,True,False,False
2060,34.0,26165.15,12.0,3.7,177.0,482.3699999999999,2822.24,True,False,False,False,False,False,False,False,True,0.0184,37.11,0.00562,False,True,False,False,False
2061,58.0,86424.02,11.0,3.4,375.0,2090.12,8182.37,False,False,False,True,False,False,True,False,False,0.0242,174.18,0.00266,False,False,False,True,False
2062,53.0,65182.2,3.0000000000000004,3.8,303.0,1033.73,4031.89,True,False,False,False,False,False,True,False,False,0.0159,258.43,0.00329,False,False,False,True,False
2063,25.0,60516.8,7.0,3.3,165.0,1331.99,4991.62,True,False,False,False,False,True,False,False,False,0.022,166.5,0.00602,True,False,False,False,False
2064,54.0,32635.46,8.0,5.0,387.0,811.67,2334.25,True,False,False,False,False,False,False,False,True,0.0249,90.19,0.00258,False,False,False,True,False
2065,57.0,76067.07,11.0,3.6,5.0,1726.53,5685.72,True,False,False,False,False,False,False,False,True,0.0227,143.88,0.16667,False,False,False,True,False
2066,38.0,15000.0,6.0,3.8,383.0,49.99999999999977,550.21,True,False,False,False,False,False,False,True,False,0.0033,7.14,0.0026,False,False,True,False,False
2067,66.0,79264.67,4.0,4.8,140.0,2382.29,5637.17,False,False,True,False,False,False,True,False,False,0.0301,476.46,0.00709,False,False,False,False,True
2068,51.0,32173.67,11.0,4.2,328.0,1203.01,6105.69,False,False,False,True,False,False,True,False,False,0.0374,100.25,0.00304,False,False,False,True,False
2069,35.0,69269.93829317013,13.0,3.7,379.0,1753.33,7289.25,True,False,False,False,False,False,False,True,False,0.0253,125.24,0.00263,False,True,False,False,False
2070,18.0,64018.27867572535,7.0,3.7,240.0,1830.62,6226.36,False,False,True,False,False,False,False,False,True,0.0286,228.83,0.00415,True,False,False,False,False
2071,53.0,90729.84,-8.881784197001252e-16,5.0,244.0,2003.02,4162.66,False,False,False,False,True,False,True,False,False,0.0221,2003.02,0.00408,False,False,False,True,False
2072,28.0,61345.82601999145,7.0,4.0,299.0,1611.67,4230.77,True,False,False,False,False,False,True,False,False,0.0263,201.46,0.00333,False,True,False,False,False
2073,57.0,49728.95,13.0,3.8,95.0,1788.58,6916.87,False,False,True,False,False,False,False,False,True,0.036,127.76,0.01042,False,False,False,True,False
2074,45.0,53854.74,14.0,3.9,71.0,1690.67,8441.61,False,False,False,False,True,False,False,True,False,0.0314,112.71,0.01389,False,False,True,False,False
2075,42.0,93003.42,6.0,4.9,137.0,2368.16,7191.52,True,False,False,False,False,False,False,True,False,0.0255,338.31,0.00725,False,False,True,False,False
2076,26.0,76798.53,2.0,3.2,191.0,1917.22,6552.07,False,False,False,False,True,False,False,True,False,0.025,639.07,0.00521,False,True,False,False,False
2077,54.0,56516.14,8.0,3.4,297.0,1515.41,5169.76,False,False,False,True,False,False,False,True,False,0.0268,168.38,0.00336,False,False,False,True,False
2078,26.0,59798.18,12.0,3.7,102.0,1587.81,6411.7,False,False,False,False,True,False,True,False,False,0.0266,122.14,0.00971,False,True,False,False,False
2079,39.0,30522.1,14.0,2.6,225.0,1782.6,7833.47,False,False,False,True,False,True,False,False,False,0.0584,118.84,0.00442,False,False,True,False,False
2080,61.0,73546.43,-8.881784197001252e-16,3.7,1.0,1279.77,3658.13,True,False,False,False,False,False,False,True,False,0.0174,1279.77,0.5,False,False,False,True,False
2081,65.0,21701.851371188182,4.0,3.6,12.0,842.21,2416.28,False,False,True,False,False,False,False,False,True,0.0388,168.44,0.07692,False,False,False,True,False
2082,69.0,81539.52,7.0,5.0,386.0,2076.35,8190.73,True,False,False,False,False,False,False,False,True,0.0255,259.54,0.00258,False,False,False,False,True
2083,67.0,67829.68,1.0,4.2,340.0,1152.77,3746.67,True,False,False,False,False,False,False,False,True,0.017,576.38,0.00293,False,False,False,False,True
2084,46.0,117512.94,13.0,2.9,345.0,2547.13,10365.92,True,False,False,False,False,False,False,False,True,0.0217,181.94,0.00289,False,False,True,False,False
2085,28.0,40797.02,1.0,3.7,131.0,714.3999999999999,1795.77,False,False,False,True,False,False,False,False,True,0.0175,357.2,0.00758,False,True,False,False,False
2086,61.0,62741.43,9.0,4.9,205.0,1417.94,6647.6,False,False,False,False,True,False,False,True,False,0.0226,141.79,0.00485,False,False,False,True,False
2087,59.0,104562.33,13.0,4.7,269.0,2027.99,8284.5,False,False,False,True,False,False,False,False,True,0.0194,144.86,0.0037,False,False,False,True,False
2088,69.0,91210.57,10.0,3.7,101.0,1963.61,7668.96,False,False,False,True,False,False,False,False,True,0.0215,178.51,0.0098,False,False,False,False,True
2089,51.0,49683.33,11.0,3.3,297.0,1540.16,6102.54,False,True,False,False,False,False,True,False,False,0.031,128.35,0.00336,False,False,False,True,False
2090,25.0,69927.28,3.0000000000000004,4.7,277.0,2024.92,5807.19,True,False,False,False,False,False,False,False,True,0.029,506.23,0.0036,True,False,False,False,False
2091,44.0,65043.99,12.0,2.8,162.0,2002.64,7455.69,False,True,False,False,False,False,False,True,False,0.0308,154.05,0.00613,False,False,True,False,False
2092,41.0,71203.03,6.0,4.1,173.0,624.25,2818.58,False,True,False,False,False,True,False,False,False,0.0088,89.18,0.00575,False,False,True,False,False
2093,61.0,52798.00132967542,-8.881784197001252e-16,5.0,122.0,1249.1,4386.68,False,False,False,True,False,False,False,True,False,0.0237,1249.1,0.00813,False,False,False,True,False
2094,38.0,60570.58326001169,5.0,3.9,321.0,1237.44,4311.5,False,False,False,False,True,False,False,False,True,0.0204,206.24,0.00311,False,False,True,False,False
2095,35.0,29842.85,5.0,3.0,394.0,978.09,2296.45,True,False,False,False,False,False,False,False,True,0.0328,163.02,0.00253,False,True,False,False,False
2096,22.0,64813.3699549544,7.0,4.1,399.0,1633.8,4470.69,False,False,True,False,False,False,False,True,False,0.0252,204.22,0.0025,True,False,False,False,False
2097,61.0,74900.45,3.0000000000000004,3.3,308.0,1540.93,3669.95,False,False,False,True,False,False,False,True,False,0.0206,385.23,0.00324,False,False,False,True,False
2098,57.0,59996.77,6.0,2.4,139.0,1399.04,5491.94,False,False,False,False,True,False,False,False,True,0.0233,199.86,0.00714,False,False,False,True,False
2099,20.0,29468.880000000005,6.0,4.3,312.0,820.41,2324.51,False,False,False,True,False,False,False,True,False,0.0278,117.2,0.00319,True,False,False,False,False
2100,40.0,84337.36558904861,4.0,4.7,97.0,2432.72,7789.35,False,False,False,False,True,False,False,True,False,0.0288,486.54,0.0102,False,False,True,False,False
2101,42.0,72449.82340412485,10.0,3.4,358.0,1852.53,6970.78,False,False,True,False,False,False,False,False,True,0.0256,168.41,0.00279,False,False,True,False,False
2102,42.0,49027.67,4.0,3.4,106.0,1574.77,4975.43,False,False,False,True,False,False,False,True,False,0.0321,314.95,0.00935,False,False,True,False,False
2103,65.0,60601.387497238466,11.0,2.8,161.0,1992.5,7570.24,False,False,False,True,False,False,False,False,True,0.0329,166.04,0.00617,False,False,False,True,False
2104,25.0,31985.270000000004,3.0000000000000004,3.6,37.0,1026.52,3462.8,False,False,False,True,False,False,False,False,True,0.0321,256.63,0.02632,True,False,False,False,False
2105,33.0,42440.98,12.0,3.2,32.0,614.1700000000001,1592.05,False,False,True,False,False,False,True,False,False,0.0145,47.24,0.0303,False,True,False,False,False
2106,27.0,56015.94230123792,5.0,2.8,157.0,1710.02,5297.83,False,False,False,True,False,False,False,False,True,0.0305,285.0,0.00633,False,True,False,False,False
2107,30.0,90360.5047274,-8.881784197001252e-16,5.0,220.0,1657.34,5403.69,False,False,False,False,True,False,False,True,False,0.0183,1657.34,0.00452,False,True,False,False,False
2108,65.0,50930.93,2.0,4.1,6.0,1384.91,5583.81,False,False,False,True,False,False,False,True,False,0.0272,461.64,0.14286,False,False,False,True,False
2109,66.0,77615.95120204853,12.0,4.2,338.0,1672.68,8121.71,False,False,True,False,False,False,False,False,True,0.0216,128.67,0.00295,False,False,False,False,True
2110,20.0,53157.04,13.0,4.5,45.0,1109.11,4163.82,False,False,True,False,False,True,False,False,False,0.0209,79.22,0.02174,True,False,False,False,False
2111,50.0,70454.85,3.0000000000000004,4.4,399.0,2319.65,6673.89,False,False,False,True,False,False,False,False,True,0.0329,579.91,0.0025,False,False,True,False,False
2112,30.0,61889.3,9.0,3.3,108.0,1214.99,3753.48,False,False,True,False,False,False,False,False,True,0.0196,121.5,0.00917,False,True,False,False,False
2113,28.0,84207.25,8.0,3.9,151.0,2462.59,9414.46,True,False,False,False,False,True,False,False,False,0.0292,273.62,0.00658,False,True,False,False,False
2114,33.0,53234.15,2.0,3.5,63.0,1192.05,4622.75,False,False,False,False,True,False,True,False,False,0.0224,397.35,0.01562,False,True,False,False,False
2115,28.0,32791.99144125876,6.0,4.1,329.0,680.04,3184.61,False,False,True,False,False,False,False,True,False,0.0207,97.15,0.00303,False,True,False,False,False
2116,43.0,34597.12,10.0,4.0,292.0,1074.01,4663.87,True,False,False,False,False,False,False,False,True,0.031,97.64,0.00341,False,False,True,False,False
2117,69.0,53298.7,14.0,3.4,31.0,1105.54,6501.34,False,False,True,False,False,False,False,False,True,0.0207,73.7,0.03125,False,False,False,False,True
2118,48.0,37520.68,12.0,2.5,42.0,1224.91,6206.54,False,False,False,True,False,False,False,True,False,0.0326,94.22,0.02326,False,False,True,False,False
2119,55.0,74024.66,1.0,3.8,243.0,1087.4,4535.18,False,False,False,False,True,False,False,False,True,0.0147,543.7,0.0041,False,False,False,True,False
2120,43.0,54753.1,3.0000000000000004,3.5,346.0,1056.88,4005.07,False,False,False,True,False,False,False,False,True,0.0193,264.22,0.00288,False,False,True,False,False
2121,18.0,117241.34,6.0,3.7,43.0,2954.95,9180.41,False,False,False,False,True,False,True,False,False,0.0252,422.14,0.02273,True,False,False,False,False
2122,22.0,30619.065528471525,2.0,4.2,88.0,717.0799999999999,2974.1,False,False,False,True,False,False,False,False,True,0.0234,239.03,0.01124,True,False,False,False,False
2123,31.0,69479.93,8.0,4.6,218.0,1116.73,5339.46,False,False,False,True,False,False,False,False,True,0.0161,124.08,0.00457,False,True,False,False,False
2124,30.0,40185.03,-8.881784197001252e-16,3.7,43.0,1144.3,3110.09,False,False,False,True,False,False,False,False,True,0.0285,1144.3,0.02273,False,True,False,False,False
2125,61.0,54145.17,1.0,3.3,121.0,1120.06,3210.6,False,False,False,True,False,False,False,True,False,0.0207,560.03,0.0082,False,False,False,True,False
2126,61.0,69221.71026456136,-8.881784197001252e-16,3.7,4.0,1145.35,4451.14,False,True,False,False,False,False,False,True,False,0.0165,1145.35,0.2,False,False,False,True,False
2127,62.0,15000.0,4.0,2.7,199.0,758.67,3977.97,False,False,False,True,False,False,True,False,False,0.0506,151.73,0.005,False,False,False,True,False
2128,51.0,73127.38708981093,11.0,3.9,286.0,1777.32,6195.89,False,False,False,True,False,False,False,False,True,0.0243,148.11,0.00348,False,False,False,True,False
2129,46.0,106863.96,2.0,3.9,164.0,1751.01,5535.46,False,False,False,False,True,False,False,False,True,0.0164,583.67,0.00606,False,False,True,False,False
2130,51.0,55024.36,14.0,3.0,102.0,2399.61,8930.02,True,False,False,False,False,False,False,True,False,0.0436,159.97,0.00971,False,False,False,True,False
2131,39.0,70715.77,4.0,3.5,169.0,1567.4,5614.94,False,False,False,True,False,False,False,False,True,0.0222,313.48,0.00588,False,False,True,False,False
2132,52.0,87548.28,-8.881784197001252e-16,1.9,203.0,1718.41,4753.61,False,False,False,True,False,False,False,True,False,0.0196,1718.41,0.0049,False,False,False,True,False
2133,59.0,61393.02,5.0,4.5,66.0,1265.82,6035.3,False,False,False,True,False,True,False,False,False,0.0206,210.97,0.01493,False,False,False,True,False
2134,57.0,52218.88,11.0,3.0,44.0,1956.36,7400.77,False,False,False,False,True,False,False,True,False,0.0375,163.03,0.02222,False,False,False,True,False
2135,49.0,15000.0,1.0,3.7,72.0,130.04999999999995,1050.23,False,False,False,True,False,False,False,True,False,0.0087,65.02,0.0137,False,False,True,False,False
2136,21.0,74677.72968620942,1.0,2.4,394.0,1004.04,4858.23,False,True,False,False,False,True,False,False,False,0.0134,502.02,0.00253,True,False,False,False,False
2137,55.0,62510.29,12.0,3.2,289.0,1458.73,5712.68,False,False,False,True,False,False,False,False,True,0.0233,112.21,0.00345,False,False,False,True,False
2139,56.0,67785.13,5.0,3.7,120.0,1888.56,5146.59,True,False,False,False,False,False,False,True,False,0.0279,314.76,0.00826,False,False,False,True,False
2140,46.0,52159.03,11.0,4.1,164.0,1381.17,5486.63,False,False,False,True,False,False,False,True,False,0.0265,115.1,0.00606,False,False,True,False,False
2141,63.0,53374.63,12.0,5.0,72.0,2096.79,6384.58,False,False,False,True,False,True,False,False,False,0.0393,161.29,0.0137,False,False,False,True,False
2142,35.0,76838.6314785949,5.0,4.4,340.0,2065.95,7296.54,False,False,True,False,False,False,False,True,False,0.0269,344.32,0.00293,False,True,False,False,False
2143,66.0,35555.59,8.0,3.7,376.0,924.48,4202.75,False,True,False,False,False,False,False,True,False,0.026,102.72,0.00265,False,False,False,False,True
2144,61.0,88040.94,-8.881784197001252e-16,5.0,97.0,1694.45,4894.88,False,False,False,False,True,False,False,False,True,0.0192,1694.45,0.0102,False,False,False,True,False
2145,35.0,36803.52495727833,4.0,4.2,6.0,976.75,3304.05,False,False,False,False,True,False,False,True,False,0.0265,195.35,0.14286,False,True,False,False,False
2146,43.0,53008.57485423814,8.0,3.7,106.0,995.66,4802.53,False,False,False,True,False,False,False,True,False,0.0188,110.63,0.00935,False,False,True,False,False
2147,45.0,107304.82,2.0,4.6,233.0,2227.9,6034.16,False,False,False,False,True,False,False,False,True,0.0208,742.63,0.00427,False,False,True,False,False
2148,57.0,89801.8,14.0,4.7,323.0,2479.44,9359.95,False,False,False,True,False,False,True,False,False,0.0276,165.3,0.00309,False,False,False,True,False
2149,53.0,67147.29,14.0,4.3,135.0,1228.16,6401.48,False,False,False,False,True,False,False,True,False,0.0183,81.88,0.00735,False,False,False,True,False
2150,62.0,58346.92939413398,3.0000000000000004,2.4,109.0,3150.0225,1793.36,False,False,True,False,False,False,False,False,True,0.054,787.51,0.00909,False,False,False,True,False
2151,37.0,53356.01,5.0,2.9,99.0,1145.9,4696.26,False,False,False,True,False,False,False,False,True,0.0215,190.98,0.01,False,False,True,False,False
2152,44.0,66612.06,2.0,3.5,1.0,1823.47,4185.55,False,False,False,True,False,False,False,True,False,0.0274,607.82,0.5,False,False,True,False,False
2153,40.0,65825.51,7.0,4.4,5.0,858.7100000000002,3760.95,False,False,False,True,False,False,False,False,True,0.013,107.34,0.16667,False,False,True,False,False
2154,65.0,63000.84,1.0,3.7,171.0,1147.41,2717.82,False,False,False,True,False,False,False,False,True,0.0182,573.71,0.00581,False,False,False,True,False
2155,33.0,64321.68,5.0,4.7,247.0,1293.73,5772.54,False,False,False,False,True,False,False,True,False,0.0201,215.62,0.00403,False,True,False,False,False
2156,48.0,60283.75,8.0,3.7,5.0,1909.7,5651.39,False,False,False,True,False,False,False,False,True,0.0317,212.19,0.16667,False,False,True,False,False
2157,24.0,33276.47,9.0,4.8,80.0,1008.11,2882.89,True,False,False,False,False,False,False,False,True,0.0303,100.81,0.01235,True,False,False,False,False
2158,62.0,53636.76,8.0,4.8,363.0,2111.17,7120.97,False,False,True,False,False,False,False,True,False,0.0394,234.57,0.00275,False,False,False,True,False
2159,37.0,85121.73,3.0000000000000004,3.7,396.0,2087.32,6188.55,False,False,False,False,True,False,False,False,True,0.0245,521.83,0.00252,False,False,True,False,False
2160,35.0,34896.65,11.0,4.1,256.0,973.84,3229.88,False,False,False,False,True,True,False,False,False,0.0279,81.15,0.00389,False,True,False,False,False
2161,48.0,62877.1169025399,10.0,3.2,208.0,1712.46,6810.1,False,False,False,True,False,True,False,False,False,0.0272,155.68,0.00478,False,False,True,False,False
2162,43.0,46965.41,11.0,2.2,233.0,1237.68,3620.65,True,False,False,False,False,False,False,True,False,0.0264,103.14,0.00427,False,False,True,False,False
2163,62.0,68035.79070972434,7.0,3.4,148.0,1972.75,5827.38,False,True,False,False,False,True,False,False,False,0.029,246.59,0.00671,False,False,False,True,False
2164,45.0,55569.90810674335,13.0,4.9,80.0,1116.12,4844.63,False,False,False,False,True,False,True,False,False,0.0201,79.72,0.01235,False,False,True,False,False
2165,44.0,97502.66,5.0,3.7,150.0,1820.57,6918.23,False,False,False,True,False,False,False,False,True,0.0187,303.43,0.00662,False,False,True,False,False
2166,23.0,73835.66094623605,12.0,5.0,279.0,2185.17,9060.75,False,False,False,True,False,False,True,False,False,0.0296,168.09,0.00357,True,False,False,False,False
2167,19.0,37331.42864721617,3.0000000000000004,3.9,265.0,1333.11,5026.4,False,False,False,False,True,False,False,False,True,0.0357,333.28,0.00376,True,False,False,False,False
2168,38.0,79767.02,3.0000000000000004,3.7,270.0,834.55,3211.43,False,False,False,True,False,False,False,True,False,0.0105,208.64,0.00369,False,False,True,False,False
2169,69.0,49057.55421903603,7.0,3.9,243.0,1788.94,4060.08,False,False,False,False,True,False,False,True,False,0.0365,223.62,0.0041,False,False,False,False,True
2170,65.0,52306.08,8.0,3.7,24.0,1310.07,5310.92,False,False,False,True,False,False,False,False,True,0.025,145.56,0.04,False,False,False,True,False
2171,50.0,72438.80627944774,11.0,2.5,250.0,1124.53,6356.82,False,False,False,True,False,False,False,False,True,0.0155,93.71,0.00398,False,False,True,False,False
2172,50.0,54181.56,4.0,4.7,352.0,49.99999999999977,2253.85,False,False,True,False,False,True,False,False,False,0.0009,10.0,0.00283,False,False,True,False,False
2173,38.0,82082.05906660626,13.0,3.2,259.0,1601.1,7169.54,False,False,True,False,False,False,False,False,True,0.0195,114.36,0.00385,False,False,True,False,False
2174,27.0,47960.78,4.0,3.1,231.0,1111.33,2906.33,False,True,False,False,False,False,False,False,True,0.0232,222.27,0.00431,False,True,False,False,False
2175,18.0,51383.18,8.0,3.7,89.0,1321.3,4596.84,False,False,False,False,True,False,False,False,True,0.0257,146.81,0.01111,True,False,False,False,False
2176,35.0,54031.67396884603,13.0,4.7,316.0,1784.48,8463.85,False,False,False,False,True,False,False,True,False,0.033,127.46,0.00315,False,True,False,False,False
2177,34.0,52555.95,8.0,4.7,180.0,1151.32,3470.48,False,True,False,False,False,False,True,False,False,0.0219,127.92,0.00552,False,True,False,False,False
2178,27.0,89182.21,10.0,3.7,105.0,1740.43,5824.62,False,False,False,True,False,False,True,False,False,0.0195,158.22,0.00943,False,True,False,False,False
2179,31.0,78833.52,13.0,3.7,195.0,1931.44,8320.98,False,False,False,True,False,False,False,True,False,0.0245,137.96,0.0051,False,True,False,False,False
2180,19.0,102618.77,14.0,3.6,48.0,2625.82,9345.81,False,False,True,False,False,False,False,False,True,0.0256,175.05,0.02041,True,False,False,False,False
2181,49.0,114888.17,7.0,4.4,370.0,2670.07,7928.65,False,False,False,True,False,False,False,False,True,0.0232,333.76,0.0027,False,False,True,False,False
2182,66.0,43547.85139471009,6.0,5.0,280.0,770.82,4472.67,False,False,True,False,False,False,False,True,False,0.0177,110.12,0.00356,False,False,False,False,True
2183,53.0,66549.22,2.0,4.0,130.0,1771.56,5763.24,False,True,False,False,False,False,True,False,False,0.0266,590.52,0.00763,False,False,False,True,False
2184,41.0,36544.41843408058,8.0,5.0,317.0,853.91,3420.57,False,False,True,False,False,False,True,False,False,0.0234,94.88,0.00314,False,False,True,False,False
2185,39.0,47892.67,13.0,4.5,21.0,1129.97,4337.23,False,False,True,False,False,False,False,True,False,0.0236,80.71,0.04545,False,False,True,False,False
2186,33.0,51138.18,7.0,3.5,154.0,1085.81,5913.83,False,False,True,False,False,False,False,True,False,0.0212,135.73,0.00645,False,True,False,False,False
2187,25.0,46851.07618092098,5.0,4.4,260.0,1464.79,4809.84,False,False,False,True,False,False,False,True,False,0.0313,244.13,0.00383,True,False,False,False,False
2188,49.0,38011.804746381975,1.0,5.0,9.0,824.05,3746.57,False,False,True,False,False,False,False,True,False,0.0217,412.02,0.1,False,False,True,False,False
2189,47.0,61825.74,5.0,3.7,283.0,1158.71,4979.94,True,False,False,False,False,False,False,True,False,0.0187,193.12,0.00352,False,False,True,False,False
2190,18.0,38232.19,3.0000000000000004,4.8,327.0,1255.09,3553.33,False,False,False,True,False,False,False,True,False,0.0328,313.77,0.00305,True,False,False,False,False
2191,39.0,83526.79,14.0,3.7,237.0,3087.64,10244.02,True,False,False,False,False,False,False,True,False,0.037,205.84,0.0042,False,False,True,False,False
2192,32.0,44809.42,7.0,3.5,82.0,1260.06,5805.3,False,False,False,False,True,True,False,False,False,0.0281,157.51,0.01205,False,True,False,False,False
2193,26.0,114903.9556636205,2.0,4.2,299.0,3109.75,10512.49,True,False,False,False,False,False,False,True,False,0.0271,1036.58,0.00333,False,True,False,False,False
2194,54.0,55033.39264456955,1.0,5.0,135.0,1555.82,3088.71,True,False,False,False,False,False,False,False,True,0.0283,777.91,0.00735,False,False,False,True,False
2195,45.0,66584.39,12.0,4.1,294.0,1569.43,6829.24,False,False,False,True,False,False,False,False,True,0.0236,120.73,0.00339,False,False,True,False,False
2196,50.0,34412.00486140316,13.0,4.1,251.0,1260.7,5369.8,False,False,True,False,False,False,False,True,False,0.0366,90.05,0.00397,False,False,True,False,False
2197,55.0,102534.02,11.0,3.7,37.0,1977.66,6792.83,False,False,False,True,False,False,False,True,False,0.0193,164.8,0.02632,False,False,False,True,False
2198,69.0,89629.01,1.0,3.4,39.0,1750.6,5632.19,False,True,False,False,False,False,False,True,False,0.0195,875.3,0.025,False,False,False,False,True
2199,59.0,71532.15,1.0,3.6,6.0,1220.17,2836.07,True,False,False,False,False,False,True,False,False,0.0171,610.08,0.14286,False,False,False,True,False
2200,50.0,35370.34,2.0,3.7,28.0,626.25,1846.16,False,False,False,True,False,False,False,False,True,0.0177,208.75,0.03448,False,False,True,False,False
